customer_id,first_name,last_name,email,phone,date_of_birth,signup_date,city,state,zip_code,loyalty_tier,total_spend,num_orders,last_order_date,newsletter_opt_in,preferred_contact,notes
CUST-1000,Joshua,Davis,joshua.davis@yahoo.com,(892) 958-9935,1957-10-19,2021-04-24,Cincinnati,OH,65302,Bronze,158.69,14,2022-08-27,True,mail,
CUST-1001,Richard,Rivera,richard.rivera58@gmail.com,(977) 363-7924,2045-06-15,2019-07-24,Columbia,MO,30379,Silver,4786.49,22,2022-04-15,True,phone,
CUST-1002,Michael,Thompson,michael_thompson6@yahoo.com,(587) 280-5803,2005-06-28,2022-12-19,Newport News,VA,57400,Silver,3525.81,3,2023-11-09,True,phone,
CUST-1003,Jennifer,,jennifer_anderson59@hotmail.com,372-703-1025,1973-12-14,2021-12-08,Yonkers,NY,99593,Bronze,3049.56,11,2023-07-01,True,email,
CUST-1004,Sandra,Harris,sandra.harris88@gmail.com,(434) 232-6168,1985-12-28,2019-07-03,Winston-Salem,NC,123-45,Silver,4566.55,37,2024-01-06,False,email,
CUST-1005,Michelle,Young,michelle.young@@outlook.com,(962) 774-9830,1973-07-28,2022-03-10,Vancouver,WA,86622,Platinum,4490.14,26,2023-01-06,True,email,
CUST-1006,Steven,Young,steven.young@comcast.net,(810) 265-7304,1984-03-27,2021-05-05,Houston,TX,71348,Gold,4855.68,1,2023-11-28,True,mail,
CUST-1007,Paul,Carter,james_harris55@hotmail.com,(664) 203-5315,1994-11-29,2022-04-10,Greensboro,NC,33416,Bronze,4353.89,20,2023-10-17,True,email,
CUST-1008,Nancy,Carter,nancycarter1@live.com,(219) 314-6947,2045-06-15,2019-05-06,Rockford,IL,17592,Silver,4391.27,6,2022-03-29,False,email,
CUST-1009,Timothy,Wright,timothywright@icloud.com,(740) 821-7932,1969-01-01,2023-03-18,Miami,FL,80686,Silver,3567.62,26,2023-11-19,False,phone,
CUST-1010,Dorothy,Lewis,dorothy.lewis9@gmail.com,(802) 767-4770,2002-10-17,2019-03-28,Buffalo,NY,10942,Bronze,3542.13,4,2022-08-23,True,email,
CUST-1011,Lisa,Jones,lisa_jones86@outlook.com,(752) 335-8744,1971-10-20,2022-05-26,Fort Wayne,IN,71993,Platinum,-999.99,7,2023-11-06,False,phone,
CUST-1012,Margaret,Clark,margaretclark@gmail.com,(612) 945-6559,1959-10-21,2019-05-25,Boston,MA,35112,Silver,2686.07,9,2023-03-09,True,phone,
CUST-1013,Sandra,Thomas,sandrathomas@gmail.com,(295) 971-4872,1964-12-02,2020-04-12,San Antonio,TX,73653,Platinum,1076.6,26,2022-03-02,True,phone,
CUST-1014,James,Harris,james_harris55@hotmail.com,(394) 503-4566,1955-04-01,2021-04-01,Durham,NC,81066,Bronze,3742.4,4,2022-02-21,False,mail,
CUST-1015,Dorothy,Hernandez,dorothy.hernandez@yahoo.com,(891) 440-7615,1960-10-03,2023-04-13,Fresno,CA,84668,Silver,2898.81,3,2023-09-27,True,phone,
CUST-1016,Kevin,Nguyen,kevin_nguyen@aol.com,(444) 471-7484,1961-09-28,2021-10-07,Bowie,MD,94607,Gold,2291.55,49,2022-03-16,True,phone,
CUST-1017,  Donna ,Torres,donnatorres28@hotmail.com,(557) 270-5002,1983-02-25,2019-08-07,New York,NY,30676,Platinum,4170.39,46,2022-11-06,True,mail,
CUST-1018,Kimberly,Martin,kimberly_martin@hotmail.com,(478) 488-4450,1980-10-05,2019-02-21,Buffalo,NY,93130,Gold,2531.99,17,2022-02-22,True,mail,
CUST-1019,Margaret,Moore,margaret_moore@icloud.com,(365) 959-8239,1999-06-30,2021-12-16,Los Angeles,CA,66057,Bronze,568.25,45,2022-06-02,True,phone,
CUST-1020,Emily,Scott,emily.scott6@aol.com,(240) 566-4441,1972-05-21,2021-09-27,Orlando,FL,23473,Gold,3902.78,27,2023-09-28,True,email,
CUST-1021,David,Lopez,david.lopez95@comcast.net,(885) 952-5065,1973-12-08,2018-11-23,Phoenix,AZ,24168,Platinum,4362.11,31,2022-08-16,True,phone,
CUST-1022,Daniel,Martin,susan.perez@yahoo.com,(536) 485-2137,1975-01-16,2019-12-21,Augusta,GA,94080,Platinum,3400.8,35,2022-12-06,True,email,
CUST-1023,Thomas,Lopez,thomas.lopez14@aol.com,(946) 521-8149,2004-05-21,2020-11-13,Rockville,MD,25157,Platinum,4498.53,13,2022-09-18,True,mail,
CUST-1024,Margaret,Smith,,(641) 271-6409,2005-11-27,2019-10-05,Carmel,IN,96951,Bronze,3601.57,20,2023-06-04,False,mail,
CUST-1025,Anthony,Lee,anthonylee@comcast.net,(880) 588-3851,2005-03-22,2021-03-11,Tacoma,WA,49446,Platinum,2744.21,1,2022-11-08,False,email,
CUST-1483,Margaret,Nguyen,margaret_nguyen57@outlook.com,(723) 684-3780,1957-08-10,2019-08-05,Green Bay,WI,77561,SILVER,476.0,49,2022-08-29,False,email,
CUST-1027,Richard,Martinez,richard.martinez@live.com,(624) 844-4185,1984-06-13,2020-10-09,Columbus,OH,62383,Silver,746.38,45,2022-01-06,True,phone,
CUST-1028,,,,,,,,,,,,,,,,
CUST-1029,Mark,Hernandez,mark_hernandez@icloud.com,(984) 996-9540,1993-06-23,2021-07-07,Chattanooga,TN,41358,Gold,2204.96,46,2022-10-20,True,phone,
CUST-1030,Lisa,Lee,lisa.lee@comcast.net,(910) 356-4505,1955-10-06,2020-04-29,Kansas City,MO,63424,gold ,2717.63,27,2022-03-05,True,phone,
CUST-1031,Matthew,Roberts,matthewroberts49@gmail.com,(560) 505-7389,1987-08-05,2021-01-07,Baltimore,MD,81582,Silver,2446.27,18,2023-03-23,False,email,
CUST-1032,Matthew,Perez,susan.rodriguez@live.com,(806) 777-1444,1957-07-13,2021-08-09,Spokane,WA,66179,Silver,4335.59,12,2022-02-21,False,phone,
CUST-1033,Christopher,Wilson,christopher_wilson98@icloud.com,(970) 631-5133,1957-05-07,2020-08-21,Springfield,MA,12540,Bronze,4999.54,23,2022-08-18,True,mail,
CUST-1034,John,Carter,,(329) 684-2874,2000-08-06,2023-04-26,Cleveland,OH,38569,Platinum,3500.33,50,2023-01-13,True,mail,
CUST-1035,Kenneth,Mitchell,kenneth_mitchell@icloud.com,555-1234,1985-08-02,2023-04-13,Buffalo,NY,35995,Bronze,2964.57,41,2022-09-06,True,mail,
CUST-1036,Deborah,Martin,deborahmartin6@comcast.net,(877) 579-2129,1995-05-24,2021-08-19,Milwaukee,WI,54725,Bronze,4249.38,32,2022-04-19,False,phone,
CUST-1037,Joshua,Robinson,not_an_email,(676) 646-5397,1978-12-01,2022-10-11,Orlando,FL,42177,Bronze,1401.85,29,2022-09-07,False,mail,
CUST-1038,Donna,Nelson,donna.nelson64@hotmail.com,(699) 417-6813,1973-03-06,2019-11-29,Tacoma,WA,46655,Gold,2783.4,34,2022-07-15,True,email,
CUST-1039,George,Clark,,(658) 217-2524,1976-05-25,2019-03-30,Clarksville,TN,63005,Silver,1537.97,38,2023-01-13,False,mail,
CUST-1040,Dorothy,Thompson,dorothy_thompson46@icloud.com,(513) 457-4777,1960-10-28,2022-01-17,Glendale,AZ,35242,Gold,606.58,35,2024-02-20,True,email,
CUST-1041,Susan,Mitchell,susanmitchell76@yahoo.com,(398) 503-4727,1982-05-18,2019-01-03,Knoxville,TN,49618,Bronze,3543.01,9,2022-10-08,True,email,
CUST-1042,Kimberly,Jackson,  kimberly.jackson2@live.com,(690) 651-6582,1966-07-17,2023-06-01,Orlando,FL,16734,Gold,4705.91,31,2022-04-27,True,phone,
CUST-1043,Ashley,Jones,ashley.jones20@yahoo.com,(454) 321-7818,2004-05-24,2021-05-05,Baltimore,MD,91057,Silver,3880.71,25,2023-04-07,False,phone,
CUST-1044,Emily,Ramirez,emilyramirez@outlook.com,(840) 416-5335,1957-04-14,2018-11-18,Ann Arbor,ca.,41439,Silver,2764.44,11,2022-01-03,False,phone,
CUST-1045,Brian,Hill,brian.hill30@icloud.com,(919) 664-2166,1970-12-10,2023-03-08,Knoxville,il,44675,Silver,2131.44,35,2022-08-19,True,phone,
CUST-1046,Barbara,Jones,deborah.scott@yahoo.com,(327) 679-5982,2045-06-15,2023-04-15,San Francisco,CA,45683,Platinum,2194.42,39,2022-02-10,False,mail,
CUST-1047,Christopher,Hill,christopher.hill@icloud.com,(790) 241-3870,1992-03-18,2020-11-28,Charlotte,NC,95394,Platinum,4581.2,12,2023-08-23,False,mail,
CUST-1048,Ashley,Garcia,ashley_garcia43@yahoo.com,(364) 537-7744,1994-06-14,2019-08-14,Knoxville,TN,96846,Platinum,4069.69,36,2022-02-07,False,email,
CUST-1049,,,,,,,,,,,,,,,,
CUST-1050,Kimberly,Rodriguez,kimberlyrodriguez@gmail.com,(845) 823-4920,1964-03-17,2019-09-29,Sterling Heights,MI,82199,Bronze,2765.73,6,2022-08-19,True,phone,
CUST-1051,Linda,Adams,lindaadams38@comcast.net,(694) 683-4993,1990-12-24,2021-02-02,Orlando,FL,28958,Platinum,961.15,39,2023-06-05,True,email,
CUST-1052,Sarah,Roberts,sarahroberts@icloud.com,(943) 505-9022,1963-05-02,2020-07-03,Mesa,AZ,80592,Platinum,1732.17,36,2024-02-21,1,phone,
CUST-1053,Christopher,Gonzalez,,(525) 962-8749,1984-03-15,2020-03-01,Savannah,GA,96991,Silver,2481.69,3,2022-05-10,False,email,
CUST-1054,Mark,Miller,mark.miller@comcast.net,(870) 358-2225,1992-02-14,2022-05-20,South Bend,IN,999999,Gold,3120.06,26,2023-10-28,True,phone,
CUST-1055,Carol,Wright,carolwright92@gmail.com,(832) 270-4846,1975-10-13,2019-04-11,Tacoma,WA,21846,Platinum,4891.91,49,2023-10-11,True,phone,
CUST-1056,David,Hall,david.hall@icloud.com,(567) 583-8056,1963-01-23,2019-05-16,Detroit,MI,79621,Platinum,2833.98,12,2022-06-24,True,email,
CUST-1057,Donna,Harris,donna_harris@outlook.com,(672) 853-5161,1991-03-26,2019-06-07,Madison,WI,97404,Bronze,4495.55,30,2022-10-22,True,email,
CUST-1058,Mark,Thompson,markthompson55@live.com ,(509) 403-7302,1993-05-08,2018-08-07,Rockville,MD,41091,Platinum,2863.89,37,2022-10-30,False,email,
CUST-1059,Kevin,Sanchez,kevinsanchez@live.com,  989 294 7297  ,2004-06-18,2022-07-01,Charlotte,Florida,56179,Silver,3186.72,40,2022-09-14,True,mail,
CUST-1060,  Michael ,Green,michael_green5@hotmail.com,(292) 502-6352,1987-04-12,2018-12-26,San Diego,CA,36318,Silver,3934.7,24,2023-06-28,False,email,
CUST-1061,Thomas,Walker,thomas.walker@hotmail.com,(437)418-2734,2000-01-01,2020-01-20,Warren,MI,21836,Platinum,79.45,35,2022-05-07,False,phone,
CUST-1062,Carol,Mitchell,,(891) 439-8724,1952-03-31,2021-06-22,Winston-Salem,NC,83584,Gold,4577.13,15,2023-10-26,True,mail,
CUST-1063,Sandra,Hall,,4832656605,1958-09-20,2019-04-26,Sterling Heights,MI,80457,Silver,1949.34,24,2023-11-18,False,mail,
CUST-1064,Melissa,Campbell,melissacampbell13@comcast.net,(486) 233-7070,1969-06-29,2020-06-27,Orlando,FL,123-45,Silver,4278.7,7,2023-12-04,False,mail,
CUST-1065,Michelle,Thompson,michelle_thompson@live.com,(293) 878-4475,2003-07-29,2023-06-12,Sacramento,il,12799,Bronze,3936.11,16,2022-05-09,True,email,
CUST-1066,Timothy,Scott,timothy.scott30@hotmail.com,(810) 202-5542,1962-12-25,2018-09-24,Reading,PA,80807,Gold,3994.58,8,2023-11-08,True,email,
CUST-1067,James,Thompson,james_thompson@icloud.com,(253) 329-7897,1997-03-13,2018-08-21,Savannah,GA,18330,Platinum,2246.89,24,2023-06-10,True,phone,
CUST-1068,Steven,Anderson,stevenanderson85@live.com,555-1234,1992-12-21,2022-10-02,Milwaukee,WI,62640,Platinum,3433.63,32,2023-12-31,False,email,
CUST-1069,Jennifer,Lee,jennifer.lee17@aol.com,(590) 811-9692,1976-06-16,2020-07-18,Madison,WI,76263,Platinum,504.9,45,2022-04-28,True,phone,
CUST-1070,Mark,Anderson,mark_anderson52@yahoo.com,1-583-710-5859,1972-11-13,2020-02-06,Mesa,AZ,30006,Platinum,345.0,6,2022-04-06,False,email,
CUST-1071,Melissa,Mitchell,not_an_email,(620) 562-7929,1954-08-13,2023-06-07,Norfolk,VA,47700,Gold,1764.71,37,2023-06-04,True,email,
CUST-1072,Kevin,Walker,kevin_walker72@yahoo.com,(980) 485-4705,1988-07-01,2022-09-27,Atlanta,GA,83526,Bronze,3048.88,43,2023-12-12,False,email,
CUST-1073,Elizabeth,Moore,elizabeth_moore@hotmail.com,(779) 873-7566,1956-03-30,2018-10-18,Warren,MI,92991,Bronze,467.87,34,2022-08-09,False,phone,
CUST-1074,Sandra,Perez,sandra_perez93@yahoo.com,(253) 359-3579,2005-06-06,2018-04-12,Naperville,IL,  ,Bronze,1367.79,43,2023-03-11,False,mail,
CUST-1075,Mark,Clark,markclark15@comcast.net,4604533644,1997-04-10,2021-09-28,Raleigh,NC,50425,Bronze,1110.39,39,2022-02-26,True,email,
CUST-1076,  Karen ,Wilson,karen_wilson@gmail.com,(709) 964-8055,1965-10-06,2018-09-22,Tampa,FL,59834,Silver,2506.31,43,2022-12-29,True,phone,
CUST-1077,Melissa,Williams,melissa_williams10@comcast.net,1-584-409-1621,1975-12-22,2018-08-24,Phoenix,AZ,63088,Bronze,4831.34,11,2023-09-25,False,mail,
CUST-1078,Nancy,Garcia,not_an_email,(605) 517-6562,1969-11-17,2019-11-14,Phoenix,AZ,32037,Bronze ,2557.31,8,2023-06-28,True,phone,
CUST-1079,Daniel,Campbell,daniel.campbell19@outlook.com,555-1234,1956-10-05,2018-12-29,Miami,FL,92306,Platinum,2325.13,37,2024-02-18,False,mail,
CUST-1080,Andrew,Adams,,(269) 680-8245,1977-03-02,2022-06-19,Green Bay,WI,46002,Bronze,1766.19,5,2022-11-14,False,phone,
CUST-1081,John,Brown,john.brown@comcast.net,(673) 794-1672,1990-05-07,2023-02-05,Chesapeake,VA,,Silver,1614.42,31,2023-05-29,True,email,
CUST-1082,Mark,Miller,markmiller@gmail.com,(453) 924-8172,1989-06-03,2020-12-09,Newark,NJ,78517,Silver,1825.85,19,2023-02-01,False,phone,
CUST-1083,Carol,Hill,carol.hill@comcast.net,398.981.8148,1979-11-28,2018-06-16,San Diego,CA,86380,Silver,4584.56,20,2023-11-03,False,email,
CUST-1084,Kenneth,Rivera,kennethrivera49@@hotmail.com,  938 402 5012  ,1958-05-21,2021-08-16,Austin,TX,97878,Platinum,2547.36,2,2023-01-07,False,email,
CUST-1085,Susan,Perez,susan.perez@yahoo.com,  281 500 2404  ,1998-06-05,2022-09-07,Memphis,TN,79013,Bronze,3313.03,50,2023-09-25,True,mail,
CUST-1086,Matthew,Martinez,matthewmartinez@livecom,(244) 620-6968,,2023-06-09,Aurora,IL,68222,Gold,3764.43,29,2022-08-28,True,phone,
CUST-1087,Donald,Gonzalez,donald_gonzalez60comcast.net,(714) 740-7859,19-06-1959,2022-07-31,Newport News,VA,36174,Silver,4366.28,4,2023-10-19,False,phone,
CUST-1088,  Kimberly ,Miller,kimberly_miller@icloud.com,1-806-762-4348,1989-04-01,2018-07-07,Indianapolis,IN,39102,Platinum,4424.3,2,2023-03-01,True,phone,
CUST-1089,Steven,White,steven.white@gmail.com,,1963-02-07,2018-10-09,Macon,GA,15020,Gold,4587.81,31,2023-12-14,True,mail,
CUST-1090,Donald,Lewis,donald.lewis3@@outlook.com,1-583-390-3200,1987-12-22,2018-08-16,Milwaukee,WI,47762,Silver,1512.74,4,2022-09-02,False,mail,
CUST-1242,Donna,Robinson,donna_robinson@outlook.com,(935) 347-5772,1988-07-05,2018-01-04,Houston,TX,,Gold,1210.42,27,2022-07-11,True,mail,
CUST-1092,Nancy,Jones,nancyjones@comcast.net,(681) 244-7338,1983-06-29,2019-06-04,Carmel,IN,12128,Gold,3944.71,23,2022-09-04,True,mail,
CUST-1093,Melissa,Carter,melissa.carter46@hotmail.com,(997) 901-8612,1992-12-06,2021-07-17,Jersey City,NJ,33891,,324.87,50,2023-04-14,True,phone,
CUST-1094,Richard,Williams,richard_williams40@live.com,(459) 237-4131,1975-09-02,2020-01-02,Philadelphia,PA,16265,Gold,1373.35,24,2023-03-24,False,mail,
CUST-1095,Mark,Harris,mark_harris89@aol.com,(731) 473-2353,1988-02-01,2018-06-11,Jersey City,NJ,66440,Silver,2731.92,21,2022-04-16,True,phone,
CUST-1096,Kevin,Jackson,kevinjackson92@hotmail.com,(906) 654-6759,1990-02-11,2018-03-28,Sterling Heights,MI,56210,Platinum,1380.03,4,2022-03-18,False,phone,
CUST-1097,Steven,Mitchell,steven.mitchell78@gmail.com,(329) 268-4866,1982-11-12,2020-01-12,Chicago,IL,60181,Bronze,3029.42,44,2023-04-06,False,phone,
CUST-1098,Mark,Carter,mark.carter68@comcast.net,(521) 865-5566,1972-05-24,2023-05-22,Fort Worth,TX,24869,Bronze,3681.02,32,2023-06-15,False,mail,
CUST-1099,Linda,Taylor,linda.taylor79@live.com,(404) 325-3223,1956-08-23,2020-07-14,Durham,NC,32630,Platinum,4986.34,44,2022-11-24,False,mail,
CUST-1100,Robert,Scott,robert_scott@aol.com,(720) 429-2988,1968-01-12,2022-06-11,Springfield,MO,28202,Silver,3953.96,2,2023-01-05,False,phone,
CUST-1101,Kimberly,Rodriguez,kimberly.rodriguez40@live.com,(738) 620-7708,2001-07-30,2018-06-01,Milwaukee,WI,26426,Gold,3215.27,29,2023-04-23,False,email,
CUST-1102,Deborah,Scott,deborah.scott@yahoo.com,(730) 356-5982,1964-10-09,2018-11-28,Frederick,MD,52291,Silver,1736.66,34,2022-10-18,True,phone,
CUST-1103,Richard,Green,richard.green81@yahoo.com,(714) 856-3762,2003-02-04,2023-04-13,Springfield,MO,86106,Silver,864.29,40,2024-01-08,False,mail,
CUST-1104,John,Johnson,johnjohnson99@outlook.com,(985) 785-7825,2005-06-15,2021-08-01,Houston,TX,13969,Platinum,4446.09,35,2022-10-24,False,phone,
CUST-1105,Jessica,,jessica_baker@hotmail.com,,1991-09-01,2019-02-22,Tacoma,WA,54589,Silver,1569.79,46,2022-11-23,False,phone,
CUST-1106,William,Carter,williamcarter14outlook.com,(677) 325-5382,1990-05-03,2019-05-23,Newport News,VA,28465,Bronze,262.52,25,2023-09-23,False,email,
CUST-1107,David,Lee,david.lee@live.com,(727) 678-9171,1977-09-06,2020-10-15,Rockville,MD,13037,Bronze ,4726.71,33,2023-04-14,0,email,
CUST-1108,Emily,Thompson,emily_thompson64@icloud.com,000-000-0000,1988-08-29,2018-10-02,Los Angeles,CA,44664,Gold,3821.65,24,2022-02-16,False,email,
CUST-1109,Andrew,Scott,andrewscott@comcast.net,(716) 661-5582,2005-11-30,2021-10-25,Allentown,PA,90090,Bronze,652.03,7,2023-02-08,False,phone,
CUST-1110,Kimberly,White,kimberlywhite66gmail.com,(246) 239-3245,1979-11-18,2022-07-05,Miami,FL,72094,Platinum,753.21,33,2022-05-24,False,mail,
CUST-1111,Christopher,Hernandez,,(925) 776-5911,1992-08-09,2022-07-29,Bellevue,WA,12180,Gold,1662.89,8,2023-03-03,False,mail,
CUST-1112,Brian,Green,brian_green@gmail.com,,1899-01-01,2021-07-12,Akron,OH,91230,Platinum,747.4,44,2022-09-06,True,mail,
CUST-1113,Brian,Davis,brian_davis41@hotmail.com,(622) 907-4340,1986-10-26,2020-10-24,Philadelphia,PA,90147,Platinum,4365.36,48,2024-01-15,True,mail,
CUST-1114,William,King,william_king85@comcast.net,(521) 377-8531,1997-10-30,2019-12-03,Reading,Florida,81601,Gold,3382.58,47,2023-11-29,False,mail,
CUST-1115,Donald,Gonzalez,donaldgonzalez@icloud.com,(989) 495-4396,1993-11-14,2019-10-12,Columbus,GA,72888,Gold,2806.83,47,2022-10-08,False,email,
CUST-1116,Andrew,Baker,andrew_baker@icloud.com,(243) 494-2294,1981-01-27,2023-03-08,Columbia,MO,67983,Gold,3739.22,14,2022-07-26,False,mail,
CUST-1117,Brian,Moore,brianmoore@outlook.com,1-950-539-6615,1970-03-31,2021-07-30,Jacksonville,FL,40518,Bronze,509.99,22,2024-01-05,False,email,
CUST-1118,Carol,Roberts,carolroberts21@live.com,(688) 866-4267,1975-10-09,2019-10-20,Jacksonville,FL,47409,Bronze,4540.61,6,2023-10-30,True,mail,
CUST-1119,Melissa,Campbell,melissa_campbell@comcast.net,(707) 390-5742,,2018-01-19,San Francisco,CA,49110,Bronze,4642.99,22,2022-10-19,False,mail,
CUST-1120,Paul,King,paulking60@outlook.com,(315) 538-3662,1991-03-04,2021-08-20,Memphis,TN,43720,Silver,80.28,22,2022-10-30,True,email,
CUST-1121,Donna,Green,donnagreen@comcast.net,(885) 297-4027,1962-08-13,2020-09-04,Vancouver,WA,52415,Silver,44.08,25,2022-08-30,False,phone,
CUST-1122,Lisa,Martin,lisa.martin34@outlook.com,(263) 883-2936,1991-10-03,2019-09-21,Bowie,MD,30934,Platinum,3433.51,46,2024-02-28,False,,
CUST-1123,  Linda ,Green,lindagreen@hotmail.com,(689) 356-8454,2004-05-05,2020-02-05,Warren,MI,64505,Platinum,3789.18,43,2022-08-12,True,mail,
CUST-1124,Timothy,Hill,timothy_hill68@yahoo.com,(777) 314-2011,13/45/1987,2023-01-24,Fort Worth,TX,76255,Silver,2867.78,10,2022-06-18,False,mail,
CUST-1125,  Mark ,Davis,mark_davis12@gmail.com,(664) 335-9409,1987-04-09,2020-07-24,Reading,PA,83912,Bronze,2798.4,44,2022-11-12,True,phone,
CUST-1126,Thomas,Smith,thomas.smith6@aol.com,(917) 265-9866,1955-05-29,2023-03-30,Reading,PA,,Platinum,168.36,27,2022-07-04,True,mail,
CUST-1127,George,Adams,george_adams58@comcast.net,(282) 899-9835,1961-12-06,2021-08-31,Mesa,AZ,55582,Bronze,900.58,35,2023-02-07,True,mail,
CUST-1128,Joseph,Smith,joseph_smith87@comcast.net,(435) 453-8546,1981-01-20,2018-11-14,Cincinnati,OH,46129,Silver,4687.68,47,2024-02-23,True,email,
CUST-1129,Kevin,Clark,kevin.clark@yahoo.com,(808) 234-8314,2003-08-19,2021-10-08,Milwaukee,WI,16380,Silver,3705.3,26,2023-03-26,True,mail,
CUST-1130,Susan,Carter,susancarter@aol.com,(791) 812-6253,1971-04-03,2019-09-11,San Francisco,CA,28777,Silver,2073.67,18,2022-03-04,True,mail,
CUST-1131,Carol,Ramirez,carol.ramirez45@aol.com,(913) 626-7688,1963-05-22,2019-09-07,Columbia,MO,59343,Silver,3774.54,31,2022-09-04,True,phone,
CUST-1132,Amanda,Martinez,amandamartinez53@hotmail.com,(597) 448-5177,1968-03-29,2019-11-08,Boston,MA,94765,Bronze,4611.91,24,2022-04-05,True,email,
CUST-1133,Sarah,Harris,sarah.harris@outlook.com,(690) 413-6455,1977-03-14,2023-05-14,Racine,WI,12009,Silver,4686.43,48,2022-05-01,False,email,
CUST-1134,Brian,Hill,brian.hill71@icloud.com,(589) 677-9743,1982-03-26,2019-09-24,Erie,PA,44283,Gold,2568.95,32,2023-04-23,True,mail,
CUST-1135,Donald,Carter,donald_carter41@gmail.com,(776) 426-3390,1951-06-16,2019-06-19,Jersey City,NJ,82523,Platinum,1483.01,13,2022-12-04,True,phone,
CUST-1136,Andrew,Thomas,andrewthomas88@icloud.com,(981) 700-9037,1991-05-06,2018-12-11,Clarksville,TN,56160,Silver,708.39,35,2023-05-16,True,mail,
CUST-1137,Michelle,Brown,michelle.brown@gmail.com,(622) 340-4791,1956-02-06,2021-12-19,Indianapolis,IN,29795,Bronze,1101.41,30,2023-01-18,True,mail,
CUST-1138,Joshua,Nelson,joshuanelson@gmail.com,(744) 764-7739,1951-01-24,2018-02-04,Kenosha,WI,79391,Gold,2683.33,19,2022-01-18,False,email,
CUST-1139,Michael,Miller,michael.miller25@aol.com,(473) 606-2294,1983-06-21,2023-05-19,Fort Wayne,IN,63218,Platinum,2829.36,45,2022-08-20,False,mail,
CUST-1140,Jennifer,Adams,,(257) 852-1154,1965-05-17,2018-06-19,Los Angeles,CA,75517,Bronze ,3228.09,22,2023-08-03,True,mail,
CUST-1141,John,,john_anderson@yahoo.com,(900) 487-9897,2000-07-22,2021-09-09,Reading,PA,14312,Silver,4644.54,21,2022-01-17,True,mail,
CUST-1142,Barbara,Carter,barbara_carter@comcast.net,(893) 753-6435,1984-06-08,2022-03-28,Seattle,WA,28343,Bronze,2508.96,23,2022-02-24,True,phone,
CUST-1143,Joseph,Jones,josephjones77@aol.com,(230) 849-5478,1990-06-03,2020-10-01,Edison,NJ,39902,Gold,2769.66,25,2023-03-19,True,mail,
CUST-1144,Emily,Nelson,emilynelson@yahoo.com,(284) 474-3526,1984-02-03,2021-12-28,Seattle,WA,93086,Silver,0,21,2023-01-05,True,email,
CUST-1145,James,Martin,james_martin@yahoo.com,(391) 641-8353,1999-12-21,2021-02-10,Springfield,MA,77166,Platinum,525.43,6,2022-12-29,True,mail,
CUST-1146,Kenneth,Lee,kenneth_lee53@yahoo.com,(942) 772-4977,2001-04-24,2020-12-03,Seattle,WA,32227,Platinum,855.81,18,2022-11-05,False,phone,
CUST-1147,Barbara,Jones,barbara_jones54@live.com,(278) 569-5123,1972-02-15,2022-01-16,Joliet,IL,91924,,2973.09,13,2023-04-14,True,email,
CUST-1148,Karen,Smith,karensmith49@live.com,(542) 640-3230,1976-12-14,2019-10-19,Tacoma,WA,89064,Silver,2400.26,12,2023-02-12,False,phone,
CUST-1149,Melissa,Hall,,(602) 573-2865,2000-08-02,2019-02-14,Clarksville,TN,87624,Silver,3411.75,36,2022-01-28,1,mail,
CUST-1150,Susan,Lewis,susan_lewis87@hotmail.com,(848) 510-4965,13/45/1987,2021-09-10,Detroit,MI,30203,Platinum,3947.49,5,2023-04-05,False,mail,
CUST-1151,Betty,Wright,bettywright5@yahoo.com,(311) 987-5067,1981-11-06,2018-12-07,South Bend,IN,94803,Bronze,2820.47,42,2023-11-25,False,phone,
CUST-1152,Margaret,Miller,margaret_miller@live.com,(583) 600-8586,2002-10-21,2021-11-15,Columbus,OH,75597,Silver,1731.39,2,2023-05-10,True,phone,
CUST-1153,Anthony,Garcia,anthony_garcia40@live.com,(411) 733-8912,1981-04-01,2020-09-02,Buffalo,NY,22795,Platinum,0,29,2022-11-23,True,phone,
CUST-1154,  John ,Rivera,john_rivera@hotmail.com,(958) 449-9454,1965-08-26,2021-02-04,New York,NY,30989,Gold,2803.65,30,2022-08-26,False,mail,
CUST-1155,Elizabeth,Lopez,elizabeth.lopez@live.com,(806) 639-7370,1950-05-26,2021-12-14,Chandler,AZ,38153,Silver,1398.94,46,2022-03-06,True,mail,
CUST-1156,Elizabeth,White,elizabeth_white15@live.com,(740) 854-6134,2003-07-23,2020-03-06,Jersey City,NJ,90125,Platinum,2939.15,23,2022-12-27,False,mail,
CUST-1157,Elizabeth,Baker,elizabethbaker@aol.com,(320) 444-6003,1960-06-29,2019-01-10,Ann Arbor,MI,58929,Silver,2559.02,27,2023-09-03,True,mail,
CUST-1158,Matthew,Ramirez,matthewramirez@hotmail.com,(701) 495-3298,1966-10-14,2019-10-07,Joliet,,69113,platinum,4328.96,1,2023-05-12,True,email,
CUST-1159,Matthew,Scott,matthew_scott88@comcast.net,(927) 654-9006,1965-01-02,2018-06-19,South Bend,ohio,84107,Bronze,3981.45,15,2022-10-27,True,phone,
CUST-1160,Joseph,Wright,joseph_wright73@yahoo.com,(786) 316-5389,1998-09-22,2022-08-14,Grand Rapids,MI,58085,Bronze,3802.42,29,2023-07-14,True,phone,
CUST-1161,Michael,Mitchell,michael.mitchell58@aol.com,212/598/4485,13/45/1987,2019-03-06,Columbus,GA,ABCDE,Gold,4306.63,40,2023-10-10,False,email,
CUST-1162,Donna,Rodriguez,donna.rodriguez73@icloud.com,(811) 751-3758,1979-01-14,2021-12-12,Pittsburgh,PA,48356,Gold,2867.95,33,2023-11-27,True,email,
CUST-1163,Timothy,Clark,timothyclark@outlook.com,(349) 928-6277,1972-03-17,2022-04-09,San Diego,CA,98635,Platinum,2452.4,37,2023-10-10,False,mail,
CUST-1164,Anthony,Harris,anthonyharris@comcast.net,387-652-1099,1983-02-10,2020-07-20,Boston,MA,73968,Gold,2913.96,50,2024-01-21,True,mail,
CUST-1165,Sandra,Green,not_an_email,,1978-12-19,2022-08-24,Virginia Beach,VA,47171,Gold,2741.08,9,2023-08-03,false,phone,
CUST-1166,Carol,Carter,carol.carter81@gmail.com,(327) 361-8230,1990-12-16,2018-01-02,Los Angeles,CA,66072,Silver,4978.51,9,2023-10-28,False,email,
CUST-1167,Sarah,Garcia,not_an_email,(605) 840-6005,1971-01-03,2020-05-29,Chesapeake,VA,95915,Bronze,3521.45,1,2022-08-07,False,email,
CUST-1168,William,Nguyen,williamnguyen@gmail.com,(912) 551-2975,1987-11-21,2021-11-22,Savannah,GA,,Platinum,363.43,25,2022-04-02,True,email,
CUST-1169,Christopher,White,christopher_white@hotmail.com,(270) 743-1138,2004-10-02,2021-08-24,Grand Rapids,MI,31511,Platinum,1762.43,14,2023-10-06,True,phone,
CUST-1170,Donna,Baker,donna.baker@yahoo.com,1-339-932-8688,1981-07-16,2023-05-27,Worcester,MA,66280,Gold,3957.47,16,2022-10-11,True,email,
CUST-1171,Kimberly,Hill,kimberly_hill@icloud.com,(410) 730-9348,1966-12-04,2022-03-12,Racine,WI,61347,Gold,3234.39,16,2023-05-22,False,email,
CUST-1172,Jessica,Young,jessicayoung2@aol.com,(335) 596-7895,2045-06-15,2021-01-23,Milwaukee,WI,99514,Silver,-999.99,50,2022-03-16,True,mail,
CUST-1332,Robert,Smith,robert.smith8@icloud.com,(843) 929-9209,1987-04-09,2020-05-17,Raleigh,NC,62727,Bronze,3206.28,35,2023-09-23,True,phone,
CUST-1174,Jennifer,Martin,jennifer.martin20@comcast.net,(800) 849-2083,1977-10-29,2021-12-01,Fort Worth,TX,67342,Silver,298.95,6,2023-03-21,True,phone,
CUST-1175,Donna,Hill,donnahill@yahoo.com,(212) 924-3248,1951-01-07,2018-12-02,San Diego,CA,75065,Gold,2619.8,47,2022-09-23,True,phone,
CUST-1176,William,Mitchell,william.mitchell43@icloud.com,(736) 265-5308,2001-09-25,2021-07-09,Charlotte,NC,20101,Platinum,2281.44,24,2022-02-26,False,mail,
CUST-1177,David,White,david.white@outlook.com,(958) 721-1042,1953-12-14,2022-10-25,Naperville,IL,11610,,239.45,24,2023-01-28,True,email,
CUST-1178,John,Scott,john_scott32@aol.com,(477) 279-7108,1960-09-17,2020-10-25,Tucson,AZ,98254,Bronze,-999.99,34,2022-02-17,False,email,
CUST-1179,Sandra,Jackson,sandra.jackson71@gmail.com,(577) 405-5777,2000-07-31,2022-05-26,Warren,MI,49834,Silver,2324.99,38,2023-05-21,True,mail,
CUST-1180,Paul,Carter,paul.carter@outlook.com,(754) 554-1157,1980-01-21,2018-01-03,Augusta,GA,96154,Platinum,4246.54,47,2022-11-11,True,email,
CUST-1181,Dorothy,Thomas,dorothy.thomas19@yahoo.com,(244) 437-9515,1987-01-22,2021-12-06,Chandler,AZ,58823,Platinum,4873.03,6,2023-08-18,True,mail,
CUST-1182,,,,,,,,,,,,,,,,
CUST-1183,Sarah,Anderson,sarah.anderson@hotmail.com ,(308) 368-8365,1991-10-24,2019-10-06,Dallas,TX,63282,Bronze,2684.26,50,2022-08-01,False,phone,
CUST-1184,Sandra,Taylor,sandra.taylor88@gmail.com,(420) 535-3430,1958-03-08,2021-12-27,New York,NY,42534,Gold,1987.26,4,2023-11-25,False,phone,
CUST-1185,Elizabeth,Johnson,elizabethjohnson@yahoo.com,(673) 304-3290,1960-11-23,2018-01-25,Vancouver,WA,18083,Silver,662.27,26,2023-01-17,false,mail,
CUST-1186,Emily,Taylor,emily.taylor26@hotmail.com,(294) 539-3007,1953-10-31,2023-04-14,Houston,TX,70423,Bronze,848.27,37,2023-03-20,False,phone,
CUST-1187,Mary,Harris,mary_harris@icloud.com,(486) 656-3435,1953-02-09,2021-06-11,Tucson,AZ,91156,Silver,3239.92,32,2023-02-26,False,email,
CUST-1188,Jennifer,Moore,,(591) 930-6883,,2021-01-20,Spokane,WA,73527,Gold,4564.26,33,2022-11-26,False,phone,
CUST-1189,Elizabeth,Johnson,elizabeth.johnson4@gmail.com,(683) 742-6856,2002-05-24,2019-04-22,Edison,NJ,30922,Bronze,1246.81,16,2022-09-30,True,email,
CUST-1190,Andrew,Harris,andrew.harris31@aol.com,(805) 228-6761,2000-12-04,2021-02-28,Norfolk,VA,28625,Silver,4185.12,32,2023-07-10,False,email,
CUST-1191,Ashley,Williams,  ashley.williams@gmail.com,(739) 689-1011,1979-10-06,2023-02-23,Houston,TX,90495,Silver,4034.16,22,2024-01-05,True,phone,
CUST-1192,  Patricia ,Johnson,patriciajohnson@aol.com,775-820-8878,2002-07-29,2018-07-26,St. Petersburg,FL,54113,Gold,1619.79,11,2024-01-20,TRUE,mail,
CUST-1193,Ashley,Adams,ashleyadams72@outlook.com,  371 682 8231  ,N/A,2019-09-21,Jersey City,NJ,48602,Silver,896.76,1,2023-12-20,False,mail,
CUST-1194,John,Lopez,johnlopez@live.com,674.513.8431,1971-05-09,2019-12-12,Green Bay,WI,51879,Silver,3184.57,6,2023-12-27,False,phone,
CUST-1195,James,Taylor,JAMESTAYLOR9@ICLOUD.COM,(310) 937-1020,1954-04-27,2020-03-01,Pittsburgh,PA,67438,Platinum,4845.82,27,2023-05-20,False,phone,
CUST-1196,Paul,Harris,paulharris@hotmail.com,(662) 275-1547,1976-06-16,2018-02-11,Yonkers,NY,51774,Gold,4758.79,5,2022-12-17,True,phone,
CUST-1197,David,Campbell,david.campbell44@gmail.com,(641) 869-3703,2004-06-26,2022-12-28,Fort Worth,TX,66911,Silver,277.24,22,2022-07-30,True,phone,
CUST-1198,Brian,Scott,brianscott37@outlook.com,(298) 250-7437,2001-04-18,2021-01-30,Springfield,MO,74349,Silver,281.98,1,2023-03-14,True,phone,
CUST-1199,Kevin,Green,kevin.green@@outlook.com,(374) 853-5781,1957-05-08,2020-08-27,Kenosha,WI,25139,Gold,3926.53,31,2023-05-16,False,email,
CUST-1200,Michelle,Wright,michelle_wright49@hotmail.com,(656) 245-5313,1989-06-14,2020-08-10,Spokane,WA,,Silver,-50.0,37,2022-03-05,True,mail,
CUST-1201,Kevin,Miller,kevinmiller@gmail.com,(596) 735-7858,1998-01-16,2021-11-08,Austin,TX,72236,,2386.55,6,2023-02-09,True,mail,
CUST-1202,Andrew,King,margaretharris20@gmail.com,(371) 416-4157,1961-04-27,2018-03-29,Bowie,MD,65492,Bronze,4941.52,28,2022-07-26,True,mail,
CUST-1203,  Thomas ,Lee,thomas_lee72aol.com,(482) 732-8506,1951-02-10,2022-05-30,Houston,TX,91665,Platinum,571.47,10,2022-06-01,True,email,
CUST-1204,Andrew,Roberts,andrewroberts45@icloud.com,(592) 870-8955,02-04-1981,2021-06-01,Rochester,NY,72003,Bronze,869.28,26,2022-05-28,False,email,
CUST-1205,Betty,Perez,bettyperez61@aol.com,(220) 545-5965,1977-11-24,2019-07-29,Atlanta,GA,74437,Bronze,4862.76,15,2022-05-18,False,mail,
CUST-1206,  Mark ,Roberts,markroberts@outlook.com,(652) 416-7671,1993-06-18,2022-04-05,Paterson,NJ,77698,Gold,4106.88,33,2022-06-12,True,phone,
CUST-1207,Amanda,Allen,amandaallen@hotmail.com,(397) 405-1944,1972-05-20,2018-03-09,Spokane,WA,69827,Bronze,4590.98,46,2022-07-23,False,phone,
CUST-1208,Sandra,Allen,sandraallen@aol.com,(700) 808-8308,1965-12-07,2023-05-22,Seattle,WA,72204,Gold,1727.8,17,2024-02-06,True,phone,
CUST-1209,Mary,Harris,not_an_email,(893) 411-5408,1986-09-27,2020-11-17,San Francisco,CA,12628,Bronze,2375.75,9,2023-10-25,True,mail,
CUST-1210,James,Anderson,,508-985-9185,1972-08-10,2019-03-23,Winston-Salem,NC,71171,Gold,3389.21,40,2023-02-11,True,email,
CUST-1211,Steven,Nelson,stevennelson77@icloud.com,(900) 310-8892,1955-09-23,2019-11-20,Newport News,VA,46239,Gold,4308.84,17,2023-11-03,False,email,
CUST-1212,Barbara,,barbaraking52@hotmail.com,(938) 226-9148,1976-07-09,2019-06-16,Atlanta,GA,64862,Platinum,1947.49,3,2023-08-21,True,phone,
CUST-1213,George,Rivera,georgerivera61@icloud.com,+18704958060,1976-05-10,2018-07-19,Savannah,GA,71706,Silver,3707.19,47,2023-07-27,True,mail,
CUST-1214,Lisa,Adams,lisa_adams29@comcast.net,(539) 580-5269,2002-07-14,2019-08-26,Dallas,TX,70786,Bronze,2357.98,41,2023-08-21,True,phone,
CUST-1215,Richard,Allen,nancycarter1@live.com,(354) 340-4281,1980-09-28,2020-04-18,Yonkers,NY,84632,Platinum,724.69,46,2022-07-04,True,phone,
CUST-1216,Lisa,Green,lisagreen@live.com,(480) 414-3762,2001-09-13,2022-04-15,Naperville,IL,00000,Platinum,3928.2,50,2022-04-01,True,mail,
CUST-1217,Margaret,Green,margaret_green62@gmail.com,(238) 746-4267,1983-06-22,2023-04-30,Chandler,AZ,11845,Gold,3786.67,34,2022-07-15,True,mail,
CUST-1218,James,Green,jamesgreen45@hotmail.com,(305) 592-9246,2002-10-24,2019-09-19,Augusta,GA,31891,Bronze,4120.98,20,2022-10-25,False,mail,
CUST-1219,Dorothy,Hill,brian_jones8@comcast.net,(701) 567-4087,,2023-04-26,Evansville,IN,62873,Bronze,1149.81,47,2022-05-15,True,mail,
CUST-1220,Mary,Nguyen,mary.nguyen@comcast.net,(855) 461-9761,2005-11-26,2018-04-10,Fort Wayne,IN,87846,Bronze,3313.23,42,2022-01-21,True,mail,
CUST-1221,Linda,Clark,linda.clark71@live.com,(918) 356-4366,1950-11-01,2019-09-09,Lowell,MA,65164,Bronze,3315.79,18,2023-09-30,True,phone,
CUST-1303,Michael,Allen,michael_allen@live.com,(403) 823-4272,05/17/1964,2022-08-30,Milwaukee,WI,78569,Silver,1796.03,27,2022-10-30,True,email,
CUST-1223,Kimberly,Young,kimberly_young@gmail.com,(887) 291-2809,2001-07-05,2021-10-02,Erie,PA,74763,Silver,4747.74,50,2023-06-08,True,mail,
CUST-1224,George,Miller,george_miller38@live.com,(251) 302-3862,1953-07-16,2022-10-12,Raleigh,NC,48085,Gold,4009.96,21,2023-03-13,True,email,
CUST-1225,Timothy,Williams,timothywilliams@aol.com,(566) 648-5395,1958-05-04,2020-02-03,Cleveland,OH,54921,Silver,578.02,26,2023-04-13,False,phone,
CUST-1226,Brian,Walker,brian.walkerhotmail.com,(306) 626-8908,2001-01-16,2021-10-21,Tucson,AZ,67430,Silver,3060.5,50,2023-01-03,FALSE,mail,
CUST-1227,George,Rodriguez,george.rodriguez53gmail.com,(264) 467-6148,1951-02-10,2021-12-13,Chattanooga,TN,98857,Silver,4889.7,43,2022-12-13,True,phone,
CUST-1228,,Campbell,kevin_campbell85@hotmail.com,(771) 827-1894,1951-01-17,2021-08-10,Macon,GA,30568,Platinum,4260.84,11,2022-03-18,False,phone,
CUST-1229,Jessica,Perez,jessicaperez29@comcast.net,(440) 280-8521,1989-11-07,2022-06-29,Charlotte,NC,85108,Platinum,449.22,32,2023-04-03,False,email,
CUST-1230,Ashley,Mitchell,ashley_mitchell@gmail.com,(293) 818-5990,1995-08-10,2021-02-25,Columbus,OH,37112,Platinum,4752.27,24,2022-02-25,True,phone,
CUST-1231,Lisa,Scott,lisa_scott92@live.com,(316) 299-4633,1950-03-13,2019-12-01,Racine,WI,56548,Gold,2742.98,24,2023-12-20,True,email,
CUST-1232,David,Young,david.young@outlook.com,(323) 602-4532,1991-01-02,2022-08-16,Orlando,FL,34979,Gold,547.75,27,2022-02-17,True,phone,
CUST-1233,Sandra,Nelson,sandra.nelson@gmail.com,(766) 643-8912,N/A,2022-05-19,Bowie,MD,ABCDE,Silver,3655.17,9,2022-04-17,False,mail,
CUST-1234,Kenneth,Hill,kenneth_hill@icloud.com,(607) 551-5819,1990-08-17,2022-07-07,Edison,,27481,Silver,2069.6,45,2024-02-06,1,mail,
CUST-1235,Kimberly,Lee,kimberly.lee27@aol.com,(888) 335-3913,1995-03-17,2021-01-16,St. Louis,,93476,Gold,3554.66,49,2022-12-27,False,mail,
CUST-1236,Andrew,Nelson,andrew_nelsonyahoo.com,(225) 590-3381,1954-10-05,2021-10-04,Glendale,AZ,17419,Silver,1342.22,11,2022-10-21,False,email,
CUST-1237,Patricia,Hall,patriciahall5@live.com,(304) 830-4675,2000-05-09,2020-03-07,Grand Rapids,MI,41142,Gold,3467.75,4,2023-01-26,False,phone,
CUST-1238,Carol,Lee,carol.lee96@outlook.com,(835) 999-8259,1970-03-27,2023-02-10,Kansas City,MO,93071,Gold,3777.99,35,2024-01-27,True,mail,
CUST-1239,Richard,Jackson,richardjackson@hotmail.com,(952) 726-2955,1983-11-04,2018-03-25,Worcester,MA,66165,Gold,2787.43,9,2022-06-14,False,email,
CUST-1240,Lisa,Robinson,lisa.robinson@icloud.com,(702) 786-6866,1956-07-16,2022-05-25,Jacksonville,FL,51662,Silver,4785.37,34,2022-03-11,True,phone,
CUST-1241,Paul,Wright,paul_wright@aol.com,(539) 569-5809,1969-08-07,2023-05-01,Seattle,WA,91039,Platinum,4983.19,49,2023-10-27,True,email,
CUST-1242,Kevin,Thompson,kevinthompson@gmail.com,(898) 528-7248,2045-06-15,2020-03-01,Worcester,MA,43631,Gold,133.28,34,2024-02-28,False,mail,
CUST-1243,Steven,Lewis,steven_lewis@aol.com,(726) 284-2572,1965-01-07,2023-06-13,Nashville,TN,80513,Bronze,3138.4,14,2023-11-18,True,mail,
CUST-1244,Margaret,Miller,margaretmiller95@yahoo.com,,1952-02-18,2020-07-29,Reading,PA,53478,Bronze,446.73,4,2022-07-02,False,mail,
CUST-1245,Robert,Torres,robert_torres50@comcast.net,(643) 523-1276,1984-12-11,2021-10-10,Columbus,GA,25506,Bronze,3210.7,40,2022-03-06,True,mail,
CUST-1246,Robert,Thompson,robert_thompson88@yahoo.com,000-000-0000,1984-03-21,2020-03-20,Indianapolis,IN,96602,Bronze,2375.2,35,2022-08-14,True,mail,
CUST-1247,Betty,Wright,betty_wright87@gmail.com,(766) 768-3316,1961-01-21,2018-03-27,Grand Rapids,MI,10659,Platinum,2690.39,6,2022-11-09,True,mail,
CUST-1248,Melissa,Campbell,not_an_email,(388) 426-5140,1967-06-08,2018-08-23,Norfolk,VA,33770,Bronze,4258.42,36,2023-04-18,True,phone,
CUST-1249,Kevin,Jones,kevin.jones93@aol.com,386/714/2806,1958-12-23,2019-08-07,Charlotte,NC,91201,Bronze,4501.59,21,2023-05-13,False,phone,
CUST-1250,  Donna ,Nelson,donna.nelson73@aol.com,  515 856 2167  ,1978-02-06,2019-05-20,Ann Arbor,MI,39035,Platinum,1390.63,24,2022-05-18,False,phone,
CUST-1251,Sandra,Lewis,sandra_lewis@hotmail.com,(861) 821-2343,1975-03-06,2022-10-25,Chesapeake,VA,28350,Silver,1323.54,41,2022-03-20,True,email,
CUST-1252,Steven,Green,,(764) 466-9904,1998-06-02,2020-08-24,Akron,OH,95709,Silver,1835.43,15,2024-03-01,False,email,
CUST-1253,Sandra,Allen,sandra_allen@outlook.com,(828) 900-3717,1996-02-16,2018-10-15,Indianapolis,IN,68487,gold ,903.93,37,2023-11-07,True,mail,
CUST-1254,George,Walker,george.walker98@outlook.com,(264) 470-7052,13-01-1977,2018-03-29,Virginia Beach,VA,97632,Silver,2594.25,24,2023-02-02,False,phone,
CUST-1255,John,Williams,johnwilliams67@icloud.com,(792) 757-3848,1983-10-17,2021-08-31,Newark,NJ,  ,Gold,2942.52,5,2023-06-14,False,phone,
CUST-1256,Joseph,King,joseph_king63@gmail.com,(713) 342-8207,1964-11-09,2019-04-17,Tacoma,WA,20104,Gold,1065.47,12,2022-06-11,False,mail,
CUST-1257,Amanda,Davis,amanda_davis@live.com,(891) 690-8848,1968-11-26,2021-04-24,Macon,GA,31134,,122.01,3,2022-05-11,True,email,
CUST-1258,Joshua,Allen,,+18249528101,06/21/1961,2023-06-09,Fresno,CA,83872,Bronze,4393.76,47,2023-11-09,False,email,
CUST-1259,Susan,Lewis,susan_lewis@comcast.net,280.636.8652,2005-11-29,2021-09-12,Kenosha,WI,76952,Gold,846.93,44,2022-12-17,False,mail,
CUST-1260,Emily,Jones,emily_jones@gmail.com,(407) 735-9263,1987-08-30,2022-08-20,Macon,GA,29603,Bronze,895.34,40,2023-09-07,True,mail,
CUST-1261,Steven,Carter,steven_carter@gmail.com,(993) 894-8069,1996-11-01,2020-05-11,New York,NY,58546,Bronze,3491.24,28,2022-08-23,False,phone,
CUST-1262,Daniel,Nguyen,barbaraking52@hotmail.com,(984) 438-2373,1975-06-01,2021-05-10,Baltimore,MD,81267,Platinum,1296.45,1,2023-12-28,True,mail,
CUST-1060,Dorothy,Davis,dorothy_davis@aol.com,(618) 570-2746,N/A,2020-05-22,Indianapolis,IN,95403,Gold,1313.9,35,2023-03-10,False,mail,
CUST-1264,Sarah,Baker,sarah_baker71@hotmail.com,(579) 772-8925,1972-10-07,2019-09-21,Spokane,WA,85713,Gold,3873.23,26,2024-01-24,True,mail,
CUST-1265,Linda,Mitchell,lindamitchell@outlook.com,(720) 610-6544,1999-05-25,2021-06-11,Macon,GA,99727,Bronze,812.08,41,2022-01-06,True,email,
CUST-1266,Donald,Hill,donald.hill@aol.com,(281) 823-1618,1899-01-01,2023-03-22,Phoenix,AZ,62513,Gold,3560.91,39,2022-02-28,True,mail,
CUST-1267,Ashley,Lewis,ashleylewis67@outlook.com,(234) 813-9364,1996-04-11,2021-12-01,Cleveland,OH,40365,Silver,3373.38,24,2022-09-02,True,email,
CUST-1268,Jennifer,Moore,jennifermoore51@outlook.com,(730) 215-2124,1958-02-02,2021-01-30,Tacoma,WA,47289,Gold,1743.9,18,2022-08-20,True,phone,
CUST-1269,Betty,Torres,betty.torres@yahoo.com,(715) 501-6570,1960-07-01,2022-07-03,Cincinnati,OH,77277,Gold,4381.8,37,2022-09-14,False,phone,
CUST-1270,Andrew,Walker,andrew_walker88@gmail.com,(693) 319-5224,1956-01-23,2020-02-23,Columbus,GA,93055,Silver,-1.99,15,2022-11-20,False,phone,
CUST-1271,Dorothy,Wright,dorothy.wright@comcast.net,(889) 966-6603,1956-10-27,2021-02-09,Cincinnati,OH,33394,Platinum,1576.23,14,2023-08-11,False,email,
CUST-1272,Melissa,Baker,melissabaker@outlook.com,(471) 411-4755,1968-03-11,2022-09-06,Erie,PA,42728,Gold,788.42,7,2022-05-03,True,mail,
CUST-1273,Kevin,Young,kevinyoung6@aol.com,(835) 522-9066,2001-07-17,2022-11-15,Milwaukee,WI,46009,Platinum,922.53,49,2023-06-08,False,phone,
CUST-1274,Joseph,Carter,joseph.carter68@live.com,(753) 233-9232,1981-02-26,2020-03-17,Frederick,MD,99959,Silver,2291.41,8,2023-12-17,False,phone,
CUST-1275,Brian,Smith,,356.766.3878,1966-10-16,2021-01-28,Cleveland,OH,44452,Silver,1354.35,40,2022-12-18,False,email,
CUST-1276,Ashley,Ramirez,ashleyramirez97@aol.com,(610) 486-8384,1966-02-20,2021-03-16,Erie,PA,27188,Silver,4072.81,47,2022-10-04,True,mail,
CUST-1277,Margaret,Harris,margaretharris20@gmail.com,(380) 631-9185,1962-01-24,2023-01-04,Pittsburgh,PA,92660,Gold,3928.81,20,2022-09-14,True,phone,
CUST-1278,Michael,Hall,michael.hall33@yahoo.com,(660) 962-6483,1973-04-22,2020-01-10,Chicago,IL,57226,Gold,1727.26,27,2022-05-05,False,mail,
CUST-1279,Kenneth,Gonzalez,kennethgonzalez@icloud.com,(563) 532-9363,1993-09-26,2022-05-06,Bowie,MD,68580,Bronze,1911.54,19,2023-04-20,True,email,
CUST-1280,Joshua,Perez,joshuaperez@yahoo.com,(365) 551-4739,1978-02-15,2019-10-11,Glendale,AZ,95591,Gold,3555.06,39,2023-10-23,False,phone,
CUST-1281,Mark,Roberts,markroberts58@hotmail.com,(388) 223-3048,1971-01-19,2021-09-17,Newport News,VA,42983,Bronze,1060.75,26,2022-04-16,True,email,
CUST-1282,Donald,Scott,donald_scott@yahoo.com,(468) 832-3544,1957-07-25,2021-09-03,Los Angeles,CA,61097,Gold,1154.49,48,2022-10-18,False,mail,
CUST-1283,William,Rodriguez,,(687) 678-9856,1974-06-10,2021-01-28,Fort Wayne,IN,68306,Silver,4848.02,45,2023-07-07,True,mail,
CUST-1284,Kenneth,Robinson,kennethrobinson82@aol.com,(693) 752-4721,1958-01-13,2020-06-23,Gaithersburg,MD,50352,Gold,2066.9,10,2022-11-07,True,email,
CUST-1285,Dorothy,Carter,dorothy_carter@live.com,(973) 688-5908,1950-10-27,2022-04-18,Tampa,FL,66418,Gold,2989.05,1,2023-07-16,False,email,
CUST-1286,Anthony,Scott,anthony.scott21@comcast.net,(425) 469-2297,1987-11-18,2021-07-04,Chandler,AZ,41399,Gold,1430.54,48,2023-06-29,False,phone,
CUST-1287,Richard,Jones,richard_jones15@live.com,(478) 917-9060,1966-11-06,2019-10-19,Aurora,IL,12542,Silver,257.66,35,2022-01-23,True,email,
CUST-1288,Charles,Moore,charlesmoore@yahoo.com,(354) 215-9086,1969-06-26,2019-12-02,Orlando,FL,65082,Gold,3930.77,32,2023-01-16,False,mail,
CUST-1289,John,Perez,john.perez35@yahoo.com,(756) 681-3975,1967-03-30,2023-01-09,Dallas,TX,42778,Platinum,4142.98,8,2024-02-26,True,phone,
CUST-1290,Deborah,Lewis,deborah.lewis@outlook.com,4173904292,1978-12-26,2018-11-21,Atlanta,GA,92465,Bronze,3726.18,36,2023-06-18,True,phone,
CUST-1291,,Green,donald_green@yahoo.com,(441) 848-8113,1979-02-11,2018-01-31,Grand Rapids,MI,31936,Gold,2927.64,26,2022-09-06,True,email,
CUST-1292,Emily,Hall,emily.hall@outlook.com,(361) 711-2497,2005-07-02,2019-11-25,Clarksville,TN,91937,Bronze,308.28,42,2022-06-07,True,email,
CUST-1293,Ashley,Anderson,ashleyanderson97@live.com,995.552.3338,1983-11-22,2020-01-04,Edison,il,27659,PLATINUM,4494.33,32,2023-12-25,False,mail,
CUST-1294,,Wright,charleswright24@aol.com,(949) 679-5510,2003-09-17,2023-02-16,,TN,82682,Silver,353.69,10,2023-04-06,False,phone,
CUST-1295,Paul,White,paulwhite65@hotmail.com,659.850.4299,2005-08-22,2019-05-05,Boston,ohio,52034,Bronze,3294.86,35,2023-02-01,1,mail,
CUST-1296,Carol,Young,carolyoung37@comcast.net,(856) 529-2809,1958-08-21,2020-12-07,St. Louis,MO,96362,Bronze,228.45,9,2022-07-02,True,email,
CUST-1297,Michael,Young,michael.young74@live.com,(738) 838-5193,1954-05-28,2020-01-21,Philadelphia,PA,38930,Bronze,75.3,14,2023-11-03,False,email,
CUST-1298,Sandra,Green,sandragreen96@aol.com,(925) 259-5355,1997-06-17,2018-03-25,San Diego,CA,19225,Gold,398.9,14,2023-06-16,True,email,
CUST-1299,George,Anderson,george.anderson@hotmail.com,,1959-06-20,2022-04-19,Columbia,MO,93705,Gold,3375.72,45,2023-11-13,False,email,
CUST-1300,David,,davidlopez@live.com,(560) 522-6319,1983-05-08,2020-04-24,Columbia,MO,93000,Platinum,4132.51,21,2023-09-16,True,mail,
CUST-1301,Paul,Wilson,paulwilson33@live.com,(658) 606-1003,1953-02-09,2019-08-06,Bellevue,WA,88087,Bronze,2592.87,20,2022-01-07,False,email,
CUST-1302,Susan,Lee,susanlee@yahoo.com,(238) 671-6827,1964-01-03,2018-10-11,Cincinnati,N.Y.,ABCDE,Gold,4449.23,16,2022-08-27,False,phone,
CUST-1303,Jennifer,Torres,jennifer.torres@aol.com,(694) 377-8999,2001-09-11,2022-08-06,Bellevue,WA,22499,Gold,196.48,37,2023-01-26,True,email,
CUST-1304,Deborah,Perez,deborah_perez@gmail.com,(849) 996-7266,1954-11-09,2019-09-17,Richmond,VA,78731,Bronze,1603.39,37,2022-06-03,False,mail,
CUST-1305,  Brian ,Anderson,briananderson94@live.com,(970) 809-9269,1958-01-30,2019-03-31,Jacksonville,FL,66614,Gold,3933.98,10,2022-05-16,False,email,
CUST-1306,Donald,Torres,donald_torrescomcast.net,(713) 644-3136,1962-02-06,2020-09-11,Fresno,CA,83308,gold ,2444.43,42,2023-08-09,True,mail,
CUST-1307,Donna,Mitchell,donna.mitchell10@comcast.net,(531) 901-2467,1960-02-05,2021-10-07,Fort Wayne,IN,00000,Platinum,1832.69,13,2022-11-25,False,mail,
CUST-1308,Michelle,Johnson,michelle_johnson79@hotmail.com,(651) 245-4825,1967-12-01,2021-11-04,Grand Rapids,MI,58997,Silver,3791.09,6,2022-04-26,True,email,
CUST-1309,Donna,Martinez,donna_martinez@icloud.com,(660) 682-1372,N/A,2019-03-05,Detroit,MI,80517,Silver,1026.97,34,2024-02-08,False,,
CUST-1310,Donald,Flores,donald_flores@icloudcom,(374) 261-5653,1968-01-03,2022-06-05,Jacksonville,FL,90997,Gold,274.9,42,2022-01-09,True,phone,
CUST-1311,Kevin,Moore,kevin.moore38@outlook.com,(589) 720-2631,1978-04-20,2020-09-19,Virginia Beach,VA,88263,Bronze,940.22,33,2023-04-14,True,email,
CUST-1312,Jessica,King,jessica_king@gmail.com,(555) 900-6765,1981-11-19,2021-07-04,Warren,MI,49626,Silver,4980.01,33,2022-10-10,True,mail,
CUST-1313,Thomas,Harris,thomas_harris@aol.com,(602) 872-3248,1957-11-16,2022-02-03,Akron,OH,60096,Silver,2092.49,37,2022-06-06,False,phone,
CUST-1314,Kenneth,Perez,kenneth.perez@outlook.com,(341) 516-9582,1962-02-18,2020-05-30,Cambridge,MA,29025,Silver,1594.31,36,2023-06-30,True,email,
CUST-1315,Christopher,Martinez,christopher_martinez53@live.com,(963) 852-5485,1963-08-20,2022-05-15,Cincinnati,OH,34632,Bronze,666.41,2,2024-02-20,False,mail,
CUST-1316,Andrew,Flores,andrew.flores@aol.com,(281) 904-8808,,2020-10-25,Savannah,GA,89260,Platinum,3562.98,24,2022-07-08,False,phone,
CUST-1317,Donald,Rodriguez,donald.rodriguez5@gmail.com,(476) 622-4646,1968-03-13,2022-04-01,Aurora,IL,36812,Bronze,893.62,29,2023-09-24,False,mail,
CUST-1318,Christopher,Robinson,christopher_robinson6@aol.com,(603) 826-9784,1997-02-13,2021-08-06,Macon,GA,15047,Bronze,2263.53,3,2022-09-09,False,mail,
CUST-1319,John,Scott,steven.mitchell78@gmail.com,1-577-244-2103,1975-08-26,2020-08-02,Bellevue,WA,31821,Platinum,1479.15,4,2023-12-08,True,phone,
CUST-1320,Michelle,Lewis,richard_jones15@live.com,(623) 531-8387,1952-03-27,2019-01-02,Fort Worth,TX,69464,Silver,4413.92,6,2022-09-14,False,mail,
CUST-1321,  Michelle ,Rivera,,(287) 736-7292,1995-11-27,2021-06-07,Chicago,IL,30958,Platinum,2756.23,3,2024-02-26,True,phone,
CUST-1322,Andrew,Nelson,andrew.nelson@comcast.net,(515) 516-8311,1975-11-28,2021-07-06,Miami,FL,33684,Bronze,4493.72,13,2022-01-04,False,email,
CUST-1323,Sandra,Young,sandra.young78@outlook.com,(422) 802-8794,1990-09-16,2020-04-19,Clarksville,TN,67917,SILVER,3010.07,1,2022-09-08,False,mail,
CUST-1324,Joshua,Scott,joshua.scott@aol.com,344-409-3057,2001-11-11,2022-09-13,Philadelphia,PA,89073,Gold,1662.24,6,2022-02-20,True,phone,
CUST-1325,Elizabeth,Hernandez,elizabethhernandez@live.com,(967) 792-6901,1953-03-20,2018-07-10,Ann Arbor,MI,49229,Gold,1849.16,25,2022-03-11,False,mail,
CUST-1326,Robert,Jackson,robert.jackson89@aol.com,(739) 623-9595,1968-10-29,2021-11-26,Memphis,TN,37400,Bronze,555.42,47,2023-10-07,True,phone,
CUST-1327,George,Hall,george_hall78@icloud.com,000-000-0000,1961-08-21,2021-06-12,Green Bay,WI,83745,Platinum,2603.33,41,2023-05-25,False,email,
CUST-1328,Donna,Anderson,donna.anderson@live.com,(840) 320-4396,2005-03-15,2020-04-29,Grand Rapids,MI,64269,Bronze,1675.62,36,2023-10-15,True,email,
CUST-1329,Joshua,Gonzalez,joshua.gonzalez40@aol.com,(985) 206-2865,1979-11-26,2019-12-01,Warren,MI,61910,Bronze,4161.89,13,2022-12-05,False,mail,
CUST-1330,Donald,Walker,donald_walker20@aol.com,,1996-09-30,2019-09-06,San Francisco,CA,84048,Gold,2780.33,2,2022-08-02,False,phone,
CUST-1331,Robert,Martinez,robert_martinez@comcast.net,(391) 809-2914,1977-08-28,2021-12-15,Charlotte,NC,51222,Bronze,1364.77,6,2023-05-24,True,phone,
CUST-1332,Mark,Martin,mark_martin@aol.com,(238) 996-4311,1958-04-23,2020-06-27,Reading,PA,76321,Bronze,3997.14,33,2022-06-07,True,phone,
CUST-1333,Donald,Campbell,donald_campbell@hotmail.com,1-594-634-5043,1991-03-19,2020-03-04,Evansville,IN,78464,Bronze,30.51,3,2023-12-05,True,phone,
CUST-1334,  Sandra ,Williams,sandrawilliams96@gmail.com,(791) 976-6114,1968-10-29,2019-10-20,Syracuse,  OH,36287,Silver,1439.97,35,2022-11-23,False,mail,
CUST-1335,Linda,Moore,linda_moore@yahoo.com,(411) 755-6739,1999-04-15,2019-10-15,Miami,FL,45527,Silver,4716.96,19,2023-08-11,True,email,
CUST-1336,Robert,Martin,robertmartin@hotmail.com,(229) 682-1826,1959-07-04,2020-02-25,Green Bay,WI,17051,Bronze,2138.06,12,2023-12-23,False,mail,
CUST-1337,Daniel,Martin,danielmartin@live.com,(781) 334-2522,12-07-1984,2018-07-19,Jersey City,NJ,69714,Gold,3425.55,46,2024-02-24,False,phone,
CUST-1338,Joseph,Anderson,joseph_anderson47@hotmail.com,(916) 881-6412,13/45/1987,2020-07-17,St. Petersburg,FL,73898,Bronze,336.17,8,2022-12-26,False,phone,
CUST-1339,David,Jackson,davidjackson@comcast.net,(931) 309-6339,13/45/1987,2021-08-23,Newport News,VA,123-45,Gold,2668.4,26,2023-08-28,False,email,
CUST-1340,Donna,Thomas,mary.scott@icloud.com,(413) 910-8063,,2021-03-07,St. Louis,,N/A,Silver,873.7,43,2022-03-21,False,email,
CUST-1341,Emily,Hill,,(515) 615-2140,2003-09-03,2018-08-11,Springfield,MA,99850,Platinum,1643.77,42,2023-11-08,True,email,
CUST-1342,Susan,Rodriguez,susan.rodriguez@live.com,(744) 498-7389,2005-03-24,2021-03-29,Baltimore,MD,68610,Silver,1036.25,21,2022-11-03,False,phone,
CUST-1343,Amanda,Thompson,amanda.thompson79hotmail.com,(501) 263-7049,1999-03-30,2023-06-06,Fort Worth,TX,16963,Bronze,3519.74,23,2022-04-23,False,email,
CUST-1344,Jessica,Ramirez,jessicaramirez41@comcast.net,(590) 645-9931,1968-12-13,2021-09-18,Gaithersburg,MD,32729,Platinum,703.95,36,2023-01-29,False,phone,
CUST-1345,Barbara,Jackson,barbara.jackson@hotmail.com,(938) 698-8155,1962-03-08,2018-06-23,Miami,FL,27985,Platinum,4302.16,45,2023-09-11,False,mail,
CUST-1346,Elizabeth,Robinson,elizabethrobinson58@@aol.com,(431) 390-7959,2004-03-28,2018-01-16,South Bend,IN,85751,Platinum,4235.55,16,2023-12-31,False,phone,
CUST-1347,Paul,Torres,paul.torres73@aol.com,(315) 794-8889,,2018-10-18,Virginia Beach,VA,78997,Gold,-999.99,6,2023-06-20,1,email,
CUST-1348,Donald,Green,mark.carter68@comcast.net,(747) 997-1176,1992-01-24,2020-07-18,Fort Worth,TX,77195,Platinum,2874.09,22,2023-03-08,False,phone,
CUST-1349,Charles,Hernandez,charleshernandez39@gmail.com,(844) 684-3770,2045-06-15,2018-04-16,Fresno,CA,96025,Gold,4046.39,40,2022-01-28,False,phone,
CUST-1350,Jennifer,Rodriguez,jennifer_rodriguez@icloud.com,(481) 463-1232,1960-01-04,2021-05-21,Indianapolis,,32886,Silver,3299.19,24,2022-06-29,False,mail,
CUST-1351,Jessica,Young,jessica.young@hotmail.com,(809) 357-9125,1987-01-18,2022-04-27,Rockford,IL,60222,Silver,3306.73,47,2023-10-15,True,email,
CUST-1352,  Andrew ,Campbell,andrewcampbell@gmail.com,(371) 675-7533,1992-09-22,2019-09-10,Virginia Beach,VA,72425,bronze,1905.21,46,2023-02-04,False,phone,
CUST-1353,Barbara,King,barbara_king58@aol.com,(742) 899-1672,1958-09-26,2023-02-23,Phoenix,AZ,79637,Gold,4781.36,28,2023-09-18,False,phone,
CUST-1354,Sarah,Moore,sarahmoore75@live.com,,2002-10-26,2022-04-27,Rochester,NY,35549,Gold,3391.81,12,2022-11-17,True,mail,
CUST-1355,James,Jones,james.jones@live.com,(559) 424-5641,1972-08-07,2019-01-31,Toledo,OH,14461,Bronze,3100.79,4,2023-09-01,True,mail,
CUST-1356,Joshua,Davis,joshuadavis17@hotmail.com,555-1234,1972-09-23,2019-08-27,New York,NY,71204,Bronze,3197.51,18,2024-02-27,False,mail,
CUST-1357,Kevin,Roberts,,(591) 597-6450,1955-05-23,2019-06-13,Paterson,NJ,44690,Silver,2208.47,32,2022-07-25,False,email,
CUST-1358,Michelle,Young,michelleyoung99@outlook.com,(828) 858-2740,1989-08-13,2022-01-05,Buffalo,NY,43947,Bronze ,-999.99,5,2023-08-09,False,phone,
CUST-1359,Mary,Young,mary.young86@icloud.com,(355) 916-6403,1985-02-09,2021-03-22,Jacksonville,FL,1234,Platinum,2395.92,26,2024-01-16,True,mail,
CUST-1360,Joseph,Smith,joseph.smith73@aol.com,000-000-0000,1954-12-14,2021-07-18,Vancouver,WA,94813,PLATINUM,1833.12,22,2022-03-24,False,phone,
CUST-1361,Michelle,Gonzalez,michelle.gonzalez@icloud.com,1-800-282-9495,1982-03-26,2020-09-23,Rockford,IL,21123,Platinum,3679.27,9,2022-02-06,True,email,
CUST-1362,George,Nguyen,george_nguyen9@live.com,(746) 660-1268,1953-04-28,2019-11-26,Macon,GA,17347,Gold,3941.01,3,2023-02-20,True,email,
CUST-1363,Michelle,Nelson,michellenelson@outlook.com,7008507032,1993-11-11,2021-09-01,South Bend,IN,12498,Platinum,4536.82,40,2022-02-16,True,mail,
CUST-1364,Michelle,Rodriguez,michellerodriguez7@yahoo.com,749.782.3809,9/19/95,2018-05-11,Cleveland,OH,23937,Bronze,2490.75,40,2022-08-14,True,email,
CUST-1365,Margaret,Perez,not_an_email,(418) 982-1746,2003-03-18,2018-12-22,Tacoma,WA,53975,Bronze,612.52,10,2024-02-15,False,email,
CUST-1366,Brian,White,brian_white@hotmail.com,(302) 847-7162,1964-02-26,2018-02-02,St. Louis,MO,73827,Bronze,41.68,12,2022-04-02,False,phone,
CUST-1367,Brian,Roberts,brian.roberts19@live.com,(621) 444-3859,2004-10-10,2021-11-17,Memphis,TN,14931,Silver,3588.82,40,2022-04-01,False,phone,
CUST-1368,Anthony,Smith,anthony.smith@aol.com,(979) 752-9315,1969-09-03,2020-08-08,St. Louis,MO,92111,Silver,1389.37,13,2022-04-26,True,mail,
CUST-1369,  Donald ,Young,,(491) 414-8121,1972-07-21,2019-11-16,Aurora,IL,90847,Platinum,226.15,48,2022-02-23,True,email,
CUST-1370,Mary,Young,susan.perez@yahoo.com,(629) 403-6336,1970-08-22,2022-05-15,Indianapolis,IN,24435,Gold,1146.63,16,2024-01-26,False,email,
CUST-1371,Matthew,Anderson,,(348) 421-8454,1/20/57,2020-03-04,San Antonio,TX,58953,Silver,2294.12,13,2023-10-10,False,phone,
CUST-1372,Richard,Perez,richardperez@icloud.com,(339) 313-8627,1991-02-21,2020-05-06,Jacksonville,FL,32439,Gold,-999.99,19,2023-09-11,True,mail,
CUST-1373,Donna,Hernandez,donna.hernandez12@live.com,  942 583 9051  ,1991-07-08,2019-07-26,Bowie,MD,11901,Platinum,3683.53,16,2022-09-11,False,phone,
CUST-1374,Emily,Anderson,emilyanderson1@gmail.com,(241) 681-9261,1953-01-06,2020-05-21,Frederick,MD,79615,Platinum,2401.55,45,2022-04-11,False,phone,
CUST-1375,Jessica,Garcia,jessicagarcia94@outlook.com,(335) 567-5846,1971-06-13,2021-08-19,Kansas City,,21892,Bronze,2404.12,20,2022-06-15,False,mail,
CUST-1376,Melissa,Nguyen,melissa_nguyen@comcast.net,(389) 579-8607,1950-02-14,2022-10-29,Toledo,OH,92222,Bronze,1930.55,45,2022-12-07,yes,phone,
CUST-1377,,Carter,margaretcarter@yahoo.com,(835) 543-1898,1996-03-06,2023-04-21,Winston-Salem,NC,98428,Gold,4441.01,8,2023-01-28,False,phone,
CUST-1378,Donna,Williams,donna.williams@outlook.com,(341) 542-4909,1998-05-31,2018-08-21,Chesapeake,VA,95070,Platinum,3689.53,49,2023-08-18,True,mail,
CUST-1379,Timothy,Anderson,timothy_anderson65@icloud.com,(255) 264-7108,1980-12-21,2020-07-15,Paterson,N.Y.,73730,Bronze,2356.12,35,2023-11-26,False,phone,
CUST-1380,Donna,White,donna_white@comcast.net,(383) 495-2260,1959-10-24,2018-12-04,Dallas,TX,46168,Bronze,3488.44,32,2022-06-04,True,mail,
CUST-1381,  Joshua ,Johnson,,(555) 630-8272,1951-12-05,2019-08-21,Sterling Heights,ca.,34780,Bronze,119.96,15,2023-06-17,False,phone,
CUST-1382,Emily,Perez,emilyperez86@live.com,(511) 780-3161,1977-07-01,2018-12-18,Elizabeth,NJ,44079,Silver,2426.37,19,2024-02-28,True,email,
CUST-1383,Daniel,Jackson,danieljackson21@hotmail.com,387.977.4143,1964-06-19,2019-05-03,Worcester,MA,25324,Bronze,4968.93,37,2022-05-10,False,phone,
CUST-1384,Nancy,Lopez,nancylopez5@aol.com,207-881-1685,1998-06-08,2023-06-21,Reading,PA,31311,Gold,616.24,2,2023-02-19,False,email,
CUST-1385,Sandra,Lee,sandralee70@icloud.com,,2000-09-16,2022-02-01,Jacksonville,FL,67947,Gold,3448.84,47,2023-05-06,True,email,
CUST-1386,Carol,Scott,,(565) 294-6347,1954-12-09,2021-05-30,Rochester,NY,94058,Silver,2921.32,15,2024-03-11,False,email,
CUST-1387,Mary,Garcia,marygarcia@comcast.net,4498342300,2004-02-11,2021-05-24,Columbia,MO,77050,Bronze,4543.15,24,2023-02-12,True,mail,
CUST-1388,Margaret,White,margaret.white37@aol.com,  327 516 4873  ,1969-05-08,2022-01-30,Tacoma,WA,68224,Platinum,4020.39,19,2022-06-17,False,mail,
CUST-1389,Anthony,Rodriguez,anthony.rodriguez@icloud.com,303.209.2000,1955-12-07,2023-03-27,Bowie,MD,87421,Platinum,451.36,27,2023-10-17,False,phone,
CUST-1390,Elizabeth,Scott,,(496) 767-9037,1953-10-15,2022-08-13,Cambridge,MA,49582,Gold,2475.56,48,2023-04-20,True,email,
CUST-1391,James,Martinez,jamesmartinez82@yahoo.com,(869) 881-5713,1987-06-05,2019-01-03,Greensboro,NC,74472,Silver,151.93,49,2022-10-11,False,email,
CUST-1392,Kenneth,Mitchell,  KENNETH_MITCHELL73@ICLOUD.COM,(843) 902-8799,1899-01-01,2020-02-04,Newport News,VA,77177,Bronze,4227.95,11,2023-08-19,True,email,
CUST-1393,Christopher,Robinson,christopher.robinson7@aol.com,(629) 851-6832,1954-05-16,2019-08-17,Tampa,FL,48228,Bronze,2574.19,50,2023-10-06,True,email,
CUST-1394,Kenneth,Carter,kenneth_carter41@icloud.com,555-1234,1958-08-07,2020-12-30,Rockford,IL,00000,Gold,4118.34,1,2022-05-21,False,phone,
CUST-1395,Deborah,Young,deborah.young@hotmail.com,(715) 426-4087,2000-02-14,2021-06-10,Mesa,AZ,78898,Bronze,2092.56,5,2022-04-30,True,email,
CUST-1396,Donald,Thompson,donald.thompson57@hotmail.com,(926) 511-1471,1960-08-22,2019-04-01,Warren,MI,26870,Silver,3443.36,20,2022-05-09,True,email,
CUST-1397,  Jennifer ,Ramirez,jennifer.ramirez62@gmail.com,(401) 310-1537,1996-01-25,2021-04-29,New York,NY,17768,Platinum,603.42,17,2022-02-14,True,phone,
CUST-1398,Kevin,Smith,kevinsmith@hotmail.com,(886) 559-1479,1958-02-22,2018-10-26,New York,NY,46356,Gold,1767.49,33,2024-03-10,True,mail,
CUST-1399,Andrew,Jones,andrew.jones@outlook.com,(488) 375-9800,1950-05-22,2023-06-17,Syracuse,NY,22934,Silver,4603.18,46,2023-05-02,False,mail,
CUST-1400,Emily,Lopez,emily.lopez46@comcast.net,(419) 726-4728,1986-07-26,2018-08-20,Boston,MA,51193,Bronze,2334.85,34,2022-05-20,False,phone,
CUST-1401,Amanda,Jackson,amanda.jackson42@yahoo.com,(594) 490-8486,2003-11-12,2022-02-16,Kansas City,MO,50895,Platinum,1137.11,27,2022-10-25,False,email,
CUST-1402,Robert,Walker,robert.walker87@yahoo.com,(605) 648-9563,1957-08-17,2018-09-02,Norfolk,VA,28791,Platinum,2009.12,38,2022-04-15,True,email,
CUST-1403,Nancy,Gonzalez,nancygonzalez@outlook.com,(634) 942-9177,1974-12-27,2022-04-16,Jersey City,NJ,86273,Gold,3783.95,42,2023-02-14,False,phone,
CUST-1404,Kevin,Hill,kevinhill@live.com,(310) 325-5107,1993-11-25,2020-10-15,Vancouver,WA,40254,Silver,158.32,48,2022-02-24,True,phone,
CUST-1405,Carol,Johnson,caroljohnson87@hotmail.com,6248635726,1956-11-12,2021-09-15,,IL,78150,Platinum,3965.73,13,2022-10-28,False,phone,
CUST-1406,Steven,Taylor,steventaylor@gmail.com,(640) 321-7285,1990-05-20,2019-10-07,Springfield,MO,59327,Platinum,2303.68,3,2022-07-01,False,mail,
CUST-1407,David,Young,david_young92@live.com,(982) 312-9037,1999-09-07,2021-11-04,Tucson,AZ,80699,Platinum,2384.8,11,2023-06-03,True,phone,
CUST-1408,Thomas,Young,thomasyoung87@icloud.com,(528) 262-1461,2002-12-22,2018-04-03,Gaithersburg,MD,  ,Gold,1750.9,48,2023-08-21,True,mail,
CUST-1409,Lisa,Harris,lisa_harris46@aol.com,(257) 877-5001,1972-03-19,2019-04-26,Yonkers,NY,94945,Gold,2966.73,45,2022-03-09,False,email,
CUST-1410,Lisa,Hernandez,lisa_hernandez5@comcast.net,(781) 727-7900,1973-12-02,2018-02-11,Akron,OH,N/A,Bronze,4928.97,25,2023-08-08,False,phone,
CUST-1411,Andrew,Miller,andrewmiller@aol.com,(708) 714-6563,1964-12-13,2021-06-13,Nashville,TN,49258,Gold,4847.44,13,2023-05-24,0,mail,
CUST-1412,Susan,Jackson,susan_jackson74@outlook.com,(839) 960-2506,12-04-1950,2018-07-14,Charlotte,NC,87576,Gold,1374.09,37,2023-06-28,False,phone,
CUST-1413,Susan,Thompson,susanthompson39@aol.com,(404) 624-7591,1972-07-17,2021-07-03,Austin,N.Y.,77550,Platinum,3361.09,36,2022-07-04,True,mail,
CUST-1414,Amanda,King,amanda_king28@icloud.com,(853) 745-8106,2000-10-15,2022-01-28,Rockford,IL,92150,Bronze,2616.13,24,2023-04-19,True,email,
CUST-1415,Barbara,Mitchell,barbara_mitchell@outlook.com,(622) 473-5702,1964-05-29,2019-06-10,Sterling Heights,MI,88804,Silver,2035.27,8,2022-06-03,True,email,
CUST-1416,Jessica,Martin,jessicamartin56@gmail.com,(406) 363-5468,1962-03-29,2018-03-01,Lowell,MA,43868,Gold,3296.77,12,2023-10-22,True,mail,
CUST-1417,Ashley,Johnson,carolwright92@gmail.com,(616) 572-2479,1985-08-10,2023-04-16,Los Angeles,CA,00000,Silver,568.54,48,2023-05-28,True,mail,
CUST-1418,Kevin,Nguyen,kevin_nguyen@yahoo.com,(991) 520-6395,2002-06-04,2022-02-18,Evansville,IN,61111,,4678.15,14,2022-05-28,True,email,
CUST-1419,Susan,Moore,susan_moore@live.com,  693 220 7249  ,1978-05-24,2021-01-22,Lowell,MA,65545,Platinum,3416.86,18,2022-05-29,False,phone,
CUST-1420,Amanda,White,jessicayoung2@aol.com,(907) 887-4926,1972-09-11,2021-02-05,Detroit,MI,60422,Gold,3198.36,45,2023-01-07,True,mail,
CUST-1421,Jessica,Lewis,jessica_lewis33@yahoo.com,(974) 441-5872,1968-11-15,2022-10-27,Seattle,WA,31001,Platinum,3160.45,50,2023-10-22,False,,
CUST-1422,Sarah,Garcia,sarahgarcia53@comcast.net,(302) 364-5275,1995-06-05,2018-05-16,Chattanooga,,56118,Platinum,3014.56,36,2024-01-26,False,phone,
CUST-1423,Brian,Johnson,brianjohnson@gmail.com,(610) 404-6006,1978-02-23,2021-03-25,San Francisco,CA,20778,Bronze,797.53,34,2024-01-01,True,mail,
CUST-1424,Carol,Clark,carol_clark@icloud.com,(377) 903-6367,1975-04-13,2019-02-11,Elizabeth,NJ,21062,Platinum,1844.32,26,2023-01-22,True,email,
CUST-1425,Mary,Scott,mary.scott@icloud.com,(918) 372-1815,1985-12-24,2021-06-19,Madison,WI,66217,Gold,754.76,24,2022-06-24,True,email,
CUST-1426,Amanda,King,amandaking@outlook.com,(930) 408-4121,,2019-08-13,Chandler,AZ,74771,Platinum,659.69,14,2023-09-07,True,phone,
CUST-1427,George,Baker,thomasyoung87@icloud.com,(497) 468-4858,2005-06-01,2020-07-12,Erie,PA,42547,Gold,2918.69,42,2023-04-15,True,email,
CUST-1428,Donald,Rodriguez,donaldrodriguez28@comcastnet,(953) 811-5198,1956-07-21,2018-07-15,Elizabeth,NJ,ABCDE,Bronze,270.04,16,2023-04-28,False,mail,
CUST-1429,Kevin,Hill,kevin_hill65@icloud.com,(604) 887-7076,1961-11-12,2023-06-06,Los Angeles,CA,83342,Bronze,2906.63,17,2022-06-23,False,phone,
CUST-1430,Sandra,Rodriguez,sandrarodriguez68@hotmail.com ,(466) 319-6132,1953-12-18,2018-09-19,Austin,TX,75432,Gold,3741.64,28,2022-10-17,False,mail,
CUST-1431,Timothy,Taylor,timothy_taylor22@live.com,(982) 354-8208,1954-10-10,2019-01-22,Evansville,IN,29480,,1157.0,3,2023-04-27,False,email,
CUST-1432,Amanda,Robinson,amanda_robinson6@aol.com,(926) 774-8949,1991-01-25,2020-10-06,Phoenix,AZ,24744,Silver,627.03,6,2022-07-28,False,email,
CUST-1433,David,Mitchell,davidmitchell@gmail.com,(738) 985-3958,1987-05-12,2023-03-01,Evansville,  OH,20070,Silver,3843.58,44,2022-04-07,False,email,
CUST-1434,Charles,Baker,charles_baker@aol.com,(357) 229-2328,1991-04-16,2022-08-29,Yonkers,NY,96447,Platinum,2275.74,18,2023-09-01,True,phone,
CUST-1435,John,,john_adams@outlook.com,(249) 859-5635,1978-12-29,2022-06-23,Kenosha,WI,17279,Bronze,2740.31,39,2023-01-26,Y,phone,
CUST-1436,Thomas,Lopez,thomas.lopez@hotmail.com,(597) 998-7592,1975-07-25,2021-08-18,Macon,GA,999999,Silver,611.8,32,2023-03-19,False,mail,
CUST-1437,Kenneth,Rodriguez,kenneth_rodriguez@live.com,000-000-0000,1974-02-01,2021-02-27,Virginia Beach,VA,88687,Platinum,460.21,28,2023-01-13,True,phone,
CUST-1438,Joshua,Ramirez,  joshuaramirez44@outlook.com,(863) 902-3540,1994-06-09,2020-12-15,Houston,TX,92517,PLATINUM,1460.61,28,2022-03-23,False,phone,
CUST-1439,Barbara,Rodriguez,barbararodriguez55@gmail.com,(764) 278-1738,1996-01-23,2018-08-09,Grand Rapids,MI,76932,Platinum,2070.97,30,2023-11-08,False,phone,
CUST-1440,Thomas,Nguyen,thomas.nguyen15@hotmail.com,(386) 602-1741,1957-06-22,2020-05-02,Fort Worth,TX,49013,Gold,2940.17,30,2024-02-15,False,mail,
CUST-1441,Thomas,Perez,thomas.perez11@yahoo.com,  692 281 6891  ,1950-07-11,2020-03-19,Aurora,IL,25293,Bronze,866.96,31,2023-04-17,False,mail,
CUST-1442,Melissa,Hill,melissahill79@comcast.net,(509) 289-3049,1962-02-14,2018-01-29,Knoxville,TN,35008,Bronze,4081.68,45,2022-07-12,True,email,
CUST-1443,Donald,Adams,donald_adams@yahoo.com,(508) 988-8592,1963-04-18,2020-08-28,Miami,FL,65296,Bronze,591.13,10,2024-01-27,yes,phone,
CUST-1444,Donald,Johnson,donald.johnson26@comcast.net,(252) 541-1129,1899-01-01,2021-07-15,Cambridge,MA,66595,Platinum,4244.6,48,2023-08-16,False,email,
CUST-1445,Ashley,,ashleysanchez93@outlook.com,7032714153,1951-09-16,2020-05-14,Clarksville,TN,85550,Gold,2770.75,18,2023-10-26,False,phone,
CUST-1446,Linda,Young,linda_young90@gmail.com,(365) 494-4149,13/45/1987,2019-12-06,Green Bay,WI,67424,Silver,2543.1,38,2023-12-03,False,mail,
CUST-1447,Amanda,Nelson,amanda_nelson93@comcast.net,(889) 868-6902,03/16/1979,2022-06-26,Worcester,MA,31237,Silver,1419.46,48,2022-03-30,False,email,
CUST-1448,Elizabeth,Gonzalez,elizabeth_gonzalez13@live.com,633.369.7993,1999-12-16,2018-04-07,Rockford,IL,12376,Gold,4405.72,23,2023-11-25,True,email,
CUST-1449,Steven,Williams,steven_williams@yahoo.com,(775) 429-8968,1973-02-17,2019-11-28,Austin,TX,56562,Bronze,3852.77,36,2022-10-01,True,mail,
CUST-1450,Steven,Hill,steven_hill@yahoo.com,(825) 824-2669,2000-06-18,2018-03-27,New York,,76493,Bronze,843.56,8,2022-07-30,False,email,
CUST-1451,George,Jackson,,(862) 572-6482,1962-05-12,2018-09-09,Cambridge,,36462,Platinum,4848.49,50,2024-02-27,True,email,
CUST-1452,Donald,Perez,donald.perez11@aol.com,(932) 972-7799,1982-05-10,2021-07-13,Ann Arbor,MI,97162,Silver,766.54,49,2023-06-27,False,email,
CUST-1453,William,Ramirez,william_ramirez67@gmail.com,  591 800 6045  ,1996-05-31,2023-04-17,Chandler,AZ,19120,Bronze,1698.14,26,2024-03-01,True,phone,
CUST-1454,Patricia,Sanchez,patriciasanchez8@comcast.net,(611) 897-5986,1978-02-22,2023-02-06,San Francisco,CA,55109,Bronze,4136.75,34,2023-09-18,True,mail,
CUST-1455,Betty,Lewis,bettylewis80@aol.com,(864) 614-4232,1977-01-19,2018-06-22,Reading,PA,14845,Gold,1956.07,47,2024-01-28,True,mail,
CUST-1456,Paul,Jackson,pauljackson71@aol.com,(975) 850-3621,1952-02-07,2018-02-27,Philadelphia,PA,80770,Gold,1214.29,50,2022-11-08,False,mail,
CUST-1457,Linda,Campbell,  linda_campbell81@yahoo.com,(248) 974-3043,1990-04-05,2019-09-03,San Diego,CA,85030,Bronze,2271.2,16,2024-02-03,True,phone,
CUST-1458,Karen,Jackson,karenjackson@yahoo.com,(535) 728-4154,1982-05-31,2020-07-19,Frederick,MD,22843,Silver,3561.09,27,2022-03-25,True,email,
CUST-1459,Margaret,Rodriguez,margaret_rodriguez10@comcast.net,(802) 772-9502,1985-06-02,2022-11-21,Memphis,TN,44562,Platinum,3185.94,29,2023-12-07,False,mail,
CUST-1460,Anthony,Hernandez,anthony.hernandez63@hotmail.com,(921) 725-9669,1960-08-04,2021-11-23,St. Petersburg,FL,37871,Platinum,2372.04,48,2022-06-10,False,email,
CUST-1461,Kenneth,Clark,,,1983-04-30,2019-09-17,New York,NY,59081,Gold,1476.97,2,2022-05-27,True,mail,
CUST-1462,Anthony,Brown,anthony.brown24@gmail.com,(325) 760-6712,N/A,2022-11-18,Warren,MI,15856,Platinum,2411.07,20,2023-08-03,False,phone,
CUST-1463,Matthew,Walker,matthew.walker65@live.com,(883) 659-3440,1979-03-06,2018-07-02,Madison,WI,91889,Platinum,1942.3,26,2022-12-14,True,mail,
CUST-1464,Mark,Mitchell,mark.mitchell@icloud.com,(774) 860-3028,2000-03-07,2018-06-24,Charlotte,NC,35221,Bronze,4786.89,34,2022-07-13,False,mail,
CUST-1465,Mary,Davis,,(922) 793-8278,1957-08-05,2022-07-11,St. Louis,MO,79932,Gold,2014.97,3,2023-05-19,True,phone,
CUST-1466,Margaret,Lopez,margaretlopez41@icloud.com,555-1234,1998-08-10,2018-12-11,Phoenix,AZ,47401,,921.52,50,2022-04-02,True,phone,
CUST-1467,Anthony,Baker,anthonybaker@gmail.com,(930) 259-5882,1984-12-25,2018-07-22,Chicago,IL,51948,Silver,2069.99,21,2022-09-22,False,email,
CUST-1468,Patricia,Gonzalez,patriciagonzalez31@comcast.net,(317) 475-1993,1978-07-24,2020-08-09,Savannah,GA,82498,Platinum,336.64,2,2023-02-22,True,email,
CUST-1469,Sarah,Scott,,(781) 616-8306,1957-07-12,2022-09-30,Baltimore,MD,93335,Silver,3916.58,10,2023-01-18,True,email,
CUST-1470,Paul,Ramirez,paul.ramirez1@icloud.com,(868) 371-1008,1955-05-26,2023-03-27,Columbia,MO,73201,Gold,2993.36,44,2023-01-25,False,mail,
CUST-1471,Susan,Nguyen,susan.nguyen@icloud.com,(291) 604-3014,1962-07-13,2022-01-24,Evansville,IN,82938,Gold,4392.61,14,2023-09-18,False,mail,
CUST-1472,Lisa,Green,lisa_green32@aol.com,(942)812-8270,,2023-02-15,Durham,NC,27527,Bronze,3047.85,1,2022-01-10,True,phone,
CUST-1473,Kimberly,Hall,kimberlyhall@gmail.com,  625 604 7113  ,1981-09-01,2023-06-14,Chattanooga,TN,59332,Gold,1939.89,50,2023-12-15,True,email,
CUST-1474,,,,,,,,,,,,,,,,
CUST-1475,John,Moore,  john.moore@comcast.net,(313) 484-9197,2045-06-15,2018-12-16,Clarksville,TN,82323,Silver,3302.59,37,2023-11-20,True,email,
CUST-1476,Emily,Rodriguez,emily_rodriguez@icloud.com,(396) 894-1378,1997-10-24,2021-06-12,Dallas,TX,43150,Platinum,19.76,28,2023-10-19,True,phone,
CUST-1477,Margaret,Clark,margaretclark67@live.com,(570) 729-1712,16-10-1980,2018-04-07,Charlotte,NC,46429,Platinum,2666.73,21,2022-01-06,False,email,
CUST-1478,Lisa,Garcia,williamcarter14outlook.com,(455) 401-3694,1979-07-16,2019-09-29,Baltimore,MD,N/A,SILVER,149.09,28,2022-01-25,False,phone,
CUST-1479,Jessica,Miller,jessica_miller7@outlook.com,(274) 994-8184,1958-08-01,2021-07-04,Memphis,TN,68517,Bronze,436.82,4,2022-02-04,False,phone,
CUST-1480,Brian,Jones,brian_jones8@comcast.net,(267) 304-1914,2000-03-04,2018-04-17,Jacksonville,FL,48655,Platinum,2014.4,40,2024-02-10,False,email,
CUST-1481,Kenneth,Nelson,kenneth_nelson50@comcast.net,(835) 834-2659,2045-06-15,2021-08-26,Milwaukee,WI,98575,Bronze,2275.84,22,2023-08-25,True,email,
CUST-1482,Michael,Smith,michaelsmith@icloud.com,(563) 631-8887,2005-09-13,2020-06-29,Milwaukee,WI,34369,Silver,696.99,3,2022-03-03,True,phone,
CUST-1483,Emily,Ramirez,emily_ramirez@hotmail.com,(680) 516-6618,1976-02-11,2020-01-26,Evansville,IN,11059,Silver,296.02,33,2023-07-27,True,phone,
CUST-1484,,Gonzalez,daniel.gonzalez@live.com,(911) 908-8657,2003-10-23,2021-11-19,Pittsburgh,PA,53403,Gold,3084.35,27,2022-12-03,True,email,
CUST-1485,Sandra,Williams,sandra.williams@outlook.com,(677) 838-4492,1971-06-12,2020-09-11,Memphis,TN,53452,Platinum,1034.53,12,2022-01-07,False,email,
CUST-1486,Robert,Thompson,robert.thompson19@live.com,(399) 846-6896,13/45/1987,2023-06-21,Akron,OH,13890,Silver,997.15,12,2022-08-13,False,mail,
CUST-1487,Elizabeth,Perez,elizabeth.perez@hotmail.com,(468) 303-1343,07-03-1962,2020-02-16,St. Louis,MO,95835,Bronze,1698.53,14,2022-11-09,False,email,
CUST-1488,  Nancy ,White,nancywhite@yahoo.com,(347) 333-4107,04-04-1993,2020-12-26,Rockford,  OH,59570,Gold,1596.58,28,2023-10-14,True,email,
CUST-1489,Timothy,Flores,timothyflores@aol.com,(453) 254-5588,1961-05-06,2022-10-10,Frederick,MD,76619,Platinum,1054.1,6,2023-04-27,True,,
CUST-1490,Steven,Harris,brian_green@gmail.com,(529) 929-7125,1997-02-21,2021-11-23,Evansville,IN,73346,Platinum,2374.05,38,2023-02-15,True,email,
CUST-1491,Joseph,Gonzalez,joseph_gonzalez28@comcast.net,,1983-07-25,2019-06-06,Worcester,MA,82161,Bronze,680.31,6,2022-10-30,False,mail,
CUST-1492,Daniel,Anderson,daniel_anderson66@comcast.net,(661) 678-8086,1986-09-09,2020-01-23,Baltimore,MD,75213,Gold,1372.37,2,2022-07-03,False,email,
CUST-1493,Thomas,Adams,thomas.adams@icloud.com,(433) 300-2942,1956-05-26,2020-01-08,Austin,TX,15017,Silver,1675.45,44,2022-12-04,False,phone,
CUST-1494,Melissa,Roberts,melissaroberts@icloud.com,(208) 988-5906,1975-04-15,2022-08-12,Raleigh,NC,55433,Platinum,4729.62,38,2024-02-15,True,phone,
CUST-1495,Michelle,Allen,michelle.allen@live.com,(439) 728-8679,1991-05-25,2019-11-29,Orlando,FL,21255,Gold,4230.55,28,2024-02-28,False,email,
CUST-1496,  Mark ,Lewis,mark_lewis@icloud.com,(955) 209-9188,1981-10-26,2019-11-27,Kansas City,MO,39555,Platinum,2134.34,49,2023-02-18,False,phone,
CUST-1497,Emily,Johnson,emily.johnson20@comcast.net,(590) 409-7400,1955-09-19,2020-12-30,Baltimore,MD,60650,Silver,2379.14,22,2023-08-07,False,mail,
CUST-1498,,,,,,,,,,,,,,,,
CUST-1499,Charles,Nelson,charles_nelson8@gmail.com,(375) 534-7731,1985-02-01,2018-11-18,Indianapolis,IN,24515,Silver,2686.9,31,2024-01-31,True,phone,
